Player,Pos,Age,Tm,G,MP,PER,TS%,3PAr,FTr,ORB%,DRB%,TRB%,AST%,STL%,BLK%,TOV%,USG%,OWS,DWS,WS,WS/48,OBPM,DBPM,BPM,VORP
Precious Achiuwa,PF,21,MIA,28,408,15.1,.599,.000,.541,10.5,19.8,15.4,6.8,1.4,3.8,16.1,19.7,0.3,0.6,0.9,.101,-2.8,-0.2,-3.0,-0.1
Jaylen Adams,PG,24,MIL,6,17,-6.9,.125,.250,.000,0.0,18.2,9.4,13.4,0.0,0.0,0.0,19.7,-0.1,0.0,-0.1,-0.265,-15.6,-5.2,-20.9,-0.1
Steven Adams,C,27,NOP,27,760,15.9,.592,.006,.397,16.9,18.0,17.5,10.1,1.7,2.0,20.1,12.8,1.2,0.5,1.7,.109,-0.1,-1.0,-1.1,0.2
Bam Adebayo,C,23,MIA,26,873,22.7,.641,.015,.469,6.8,23.2,15.4,27.9,1.4,3.2,16.2,24.6,2.3,1.3,3.6,.196,2.9,2.0,4.9,1.5
LaMarcus Aldridge,C,35,SAS,18,480,15.2,.542,.298,.093,3.2,14.0,8.4,11.4,0.7,2.8,6.4,22.3,0.2,0.5,0.7,.075,0.3,-1.0,-0.7,0.2
Ty-Shon Alexander,SG,22,PHO,3,8,-11.9,.000,.333,.000,0.0,13.6,6.9,14.7,0.0,0.0,0.0,16.8,-0.1,0.0,-0.1,-0.327,-16.4,-4.8,-21.2,0.0
Nickeil Alexander-Walker,SG,22,NOP,23,441,12.0,.502,.463,.170,1.3,14.1,7.7,14.9,2.8,1.9,12.9,22.4,-0.2,0.4,0.2,.025,-2.6,0.1,-2.5,-0.1
Grayson Allen,SG,25,MEM,19,454,14.0,.630,.721,.264,1.7,12.0,6.7,11.5,2.0,0.6,11.3,16.5,0.7,0.4,1.1,.113,0.4,0.1,0.5,0.3
Jarrett Allen,C,22,TOT,28,734,22.5,.695,.021,.695,12.6,25.5,19.1,9.0,0.9,5.5,14.8,17.1,2.3,0.8,3.1,.203,2.3,0.4,2.7,0.9
Jarrett Allen,C,22,BRK,12,320,21.3,.730,.000,.938,14.2,28.8,21.9,8.2,1.0,4.9,19.3,15.4,1.0,0.4,1.4,.210,1.3,0.6,1.9,0.3
Jarrett Allen,C,22,CLE,16,414,23.5,.675,.032,.568,11.4,23.0,17.0,9.7,0.7,5.9,11.8,18.4,1.3,0.4,1.7,.197,3.2,0.2,3.4,0.6
Al-Farouq Aminu,PF,30,ORL,2,16,7.5,.798,1.000,2.000,6.2,20.3,13.0,16.7,0.0,0.0,51.5,10.3,0.0,0.0,0.0,-0.034,-3.4,0.1,-3.3,0.0
Kyle Anderson,PF,27,MEM,24,675,17.8,.579,.401,.249,3.5,21.5,12.2,19.4,1.9,2.5,10.7,20.1,1.1,0.8,1.9,.134,1.9,1.1,2.9,0.8
Giannis Antetokounmpo,PF,26,MIL,27,906,28.3,.620,.216,.540,5.6,29.8,18.0,27.5,1.8,3.5,13.9,33.0,2.7,1.5,4.3,.226,5.2,2.0,7.2,2.1
Kostas Antetokounmpo,PF,23,LAL,1,8,-9.1,.000,.000,.000,0.0,54.1,28.0,0.0,0.0,21.3,50.0,21.7,-0.1,0.0,-0.1,-0.407,-19.3,2.0,-17.3,0.0
Thanasis Antetokounmpo,SF,28,MIL,18,149,10.3,.688,.269,.269,9.5,12.5,11.0,12.2,1.6,1.8,34.0,12.4,0.1,0.2,0.2,.079,-3.3,0.1,-3.2,0.0
Carmelo Anthony,PF,36,POR,27,683,13.8,.515,.386,.241,2.2,12.9,7.3,7.7,1.5,2.9,6.7,23.5,0.3,0.4,0.7,.047,-1.2,-1.8,-3.1,-0.2
Cole Anthony,PG,20,ORL,25,667,10.3,.469,.309,.204,3.0,14.7,8.6,21.4,1.2,1.5,14.8,22.0,-0.6,0.6,0.0,.000,-3.0,-1.1,-4.1,-0.4
OG Anunoby,SF,23,TOR,18,619,14.7,.632,.548,.258,5.0,14.2,9.5,6.5,2.8,1.6,13.0,16.4,0.8,0.7,1.5,.118,0.3,0.9,1.1,0.5
Ryan Arcidiacono,PG,26,CHI,11,107,11.2,.534,.667,.208,1.1,21.4,11.4,20.1,1.3,0.0,7.1,11.2,0.2,0.1,0.3,.119,-2.5,0.9,-1.6,0.0
D.J. Augustin,PG,33,MIL,27,480,10.8,.514,.642,.277,2.5,4.7,3.6,20.0,1.3,0.2,12.5,15.3,0.6,0.3,0.8,.083,-0.5,-1.6,-2.2,0.0
Deni Avdija,SF,20,WAS,22,503,8.9,.534,.576,.144,2.4,20.7,11.2,9.4,1.6,0.7,11.4,13.0,0.1,0.4,0.5,.044,-2.9,-0.6,-3.5,-0.2
Deandre Ayton,C,22,PHO,27,866,17.7,.617,.058,.219,13.0,28.9,21.1,8.4,0.5,2.8,15.8,18.8,1.4,1.3,2.7,.148,-0.5,-0.3,-0.8,0.2
Udoka Azubuike,C,21,UTA,12,49,10.6,.622,.000,.857,9.1,18.6,14.1,0.0,1.0,6.5,23.7,11.1,0.0,0.1,0.1,.114,-5.5,1.2,-4.3,0.0
Dwayne Bacon,SG,25,ORL,29,721,10.7,.513,.297,.197,1.7,11.8,6.5,6.4,1.5,0.4,6.2,19.1,0.1,0.6,0.7,.046,-2.9,-0.9,-3.8,-0.3
Marvin Bagley III,PF,21,SAC,25,623,13.9,.530,.260,.268,9.0,23.4,16.2,5.3,0.9,1.6,11.0,23.1,0.0,0.2,0.3,.020,-1.8,-2.8,-4.6,-0.4
LaMelo Ball,PG,19,CHO,28,776,18.2,.542,.414,.198,5.8,18.2,11.9,33.8,2.7,1.3,16.5,24.8,0.8,1.0,1.8,.113,1.8,1.0,2.8,0.9
Lonzo Ball,PG,23,NOP,25,772,14.2,.554,.622,.089,2.3,13.2,7.8,21.5,2.0,1.6,13.9,20.2,0.8,0.5,1.2,.077,0.3,-0.4,-0.2,0.4
Mo Bamba,C,22,ORL,13,113,23.4,.560,.278,.093,14.1,31.6,22.5,6.3,0.9,8.0,6.6,22.7,0.2,0.2,0.4,.166,2.0,0.3,2.3,0.1
Desmond Bane,SG,22,MEM,20,456,12.6,.631,.548,.110,2.1,10.9,6.4,9.8,1.4,0.6,12.4,17.3,0.5,0.3,0.8,.080,-0.6,-0.9,-1.5,0.1
Harrison Barnes,PF,28,SAC,27,948,15.7,.615,.392,.389,3.3,16.2,9.7,13.2,1.1,0.4,9.9,17.3,2.0,0.1,2.0,.102,1.6,-1.5,0.1,0.5
RJ Barrett,SG,20,NYK,30,1012,13.1,.504,.233,.275,4.1,15.0,9.6,14.7,1.1,0.6,10.4,23.9,0.0,1.2,1.2,.058,-1.6,-0.6,-2.2,0.0
Will Barton,SF,30,DEN,25,744,11.6,.540,.396,.176,1.8,12.4,7.1,14.7,1.3,1.4,12.4,17.9,0.4,0.5,0.9,.060,-0.9,-1.3,-2.2,0.0
Keita Bates-Diop,SF,25,SAS,8,27,0.3,.215,.444,.667,3.7,7.9,5.8,8.6,1.8,0.0,0.0,18.5,-0.1,0.0,-0.1,-0.151,-8.2,-4.4,-12.5,-0.1
Nicolas Batum,SF,32,LAC,27,806,14.8,.670,.683,.164,3.4,14.6,9.2,10.3,2.3,1.1,8.8,11.8,1.8,1.0,2.7,.163,1.5,0.5,2.0,0.8
Aron Baynes,C,34,TOR,25,470,8.4,.463,.370,.062,8.4,23.9,15.9,7.5,0.7,1.7,11.8,15.4,-0.1,0.4,0.3,.031,-4.3,-1.4,-5.7,-0.4
Kent Bazemore,SF,31,GSW,27,448,14.7,.647,.462,.227,3.1,16.3,9.8,13.6,2.3,3.1,16.2,16.4,0.5,0.7,1.2,.133,-0.8,2.2,1.5,0.4
Darius Bazley,PF,20,OKC,28,872,9.6,.489,.455,.186,1.8,22.7,12.4,8.7,0.7,2.0,12.3,19.8,-1.1,1.0,-0.1,-0.003,-3.1,-0.9,-4.0,-0.4
Bradley Beal,SG,27,WAS,24,846,24.8,.591,.308,.348,3.9,11.7,7.7,25.0,1.7,1.2,10.1,36.2,2.0,0.5,2.5,.141,6.3,-1.4,4.9,1.5
Malik Beasley,SG,24,MIN,29,951,16.7,.581,.510,.142,2.8,13.7,8.0,12.7,1.2,0.4,8.4,25.2,1.2,0.4,1.6,.081,2.5,-2.1,0.5,0.6
Jordan Bell,C,26,WAS,3,50,8.0,.333,.133,.000,10.1,23.9,16.8,13.3,0.9,5.2,16.7,14.9,-0.1,0.1,0.0,-0.037,-5.1,-1.2,-6.3,-0.1
DeAndre' Bembry,SF,26,TOR,19,261,13.2,.671,.259,.204,3.3,9.6,6.4,16.1,2.2,2.0,16.9,11.6,0.4,0.2,0.7,.123,-1.0,1.2,0.2,0.1
Dāvis Bertāns,PF,28,WAS,23,593,11.5,.589,.891,.257,1.7,11.3,6.4,5.4,1.3,1.0,5.5,16.6,0.7,0.3,1.0,.082,0.2,-1.5,-1.3,0.1
Patrick Beverley,PG,32,LAC,20,483,13.7,.603,.637,.234,4.8,14.5,9.8,11.7,2.0,2.8,9.9,13.9,0.9,0.6,1.5,.151,-0.1,0.9,0.8,0.3
Saddiq Bey,SF,21,DET,26,529,13.0,.593,.665,.253,2.2,18.6,10.1,7.4,1.3,0.2,8.6,18.1,0.6,0.4,1.0,.092,0.6,-0.7,-0.1,0.3
Tyler Bey,SF,22,DAL,4,13,14.0,.444,.000,.800,16.8,8.5,12.7,0.0,0.0,7.3,0.0,22.8,0.0,0.0,0.0,.057,-1.1,-3.4,-4.5,0.0
Khem Birch,C,28,ORL,29,631,16.1,.577,.086,.443,12.6,15.9,14.2,7.8,1.5,3.0,10.2,12.6,1.2,0.7,1.9,.147,-0.8,-0.4,-1.2,0.1
Goga Bitadze,C,21,IND,13,124,18.3,.635,.316,.316,8.1,17.5,12.9,3.5,1.2,9.8,8.5,16.5,0.2,0.2,0.4,.173,-2.1,2.2,0.1,0.1
Bismack Biyombo,C,28,CHO,26,585,12.6,.569,.008,.395,10.2,17.4,13.8,8.0,0.5,5.5,14.1,11.8,0.6,0.6,1.2,.099,-2.4,-0.5,-2.9,-0.1
Nemanja Bjelica,PF,32,SAC,13,211,12.6,.567,.388,.418,6.2,19.4,12.7,18.0,0.0,0.8,16.8,19.3,0.2,0.0,0.2,.049,-1.4,-1.9,-3.4,-0.1
Eric Bledsoe,SG,31,NOP,27,780,12.6,.556,.518,.190,1.8,11.8,6.8,17.7,1.1,0.9,13.2,19.4,0.7,0.2,0.9,.055,-0.3,-1.7,-2.1,0.0
Keljin Blevins,SF,25,POR,8,38,-6.0,.111,.333,.000,0.0,0.0,0.0,12.7,2.6,0.0,25.0,13.5,-0.2,0.0,-0.2,-0.238,-12.3,-3.3,-15.6,-0.1
Bogdan Bogdanović,SG,28,ATL,9,213,9.9,.543,.744,.115,1.0,16.0,8.6,13.2,0.9,0.4,11.8,18.6,0.1,0.1,0.2,.045,-0.8,-1.3,-2.1,0.0
Bojan Bogdanović,SF,31,UTA,29,891,12.3,.567,.544,.251,1.7,11.5,6.8,9.9,0.7,0.1,10.1,20.9,1.0,0.9,2.0,.105,-0.5,-1.1,-1.7,0.1
Bol Bol,PF,21,DEN,12,65,4.7,.504,.375,.125,0.0,15.7,7.8,4.0,0.8,5.9,22.9,14.6,-0.1,0.1,-0.1,-0.041,-6.1,-1.0,-7.2,-0.1
Marques Bolden,C,22,CLE,6,29,13.4,.537,.000,2.667,11.1,11.9,11.5,0.0,3.4,6.3,23.5,12.6,0.0,0.0,0.0,.061,-3.4,0.6,-2.8,0.0
Jordan Bone,PG,23,ORL,14,196,9.0,.519,.593,.000,2.0,11.0,6.3,13.3,0.5,0.0,5.3,12.4,0.2,0.1,0.3,.062,-2.6,-1.6,-4.2,-0.1
Isaac Bonga,SF,21,WAS,17,230,5.0,.523,.611,.083,3.5,14.2,8.6,4.9,0.8,1.5,15.8,8.0,0.0,0.1,0.1,.021,-4.6,-1.6,-6.2,-0.2
Devin Booker,SG,24,PHO,23,810,17.2,.593,.317,.294,0.6,10.8,5.8,20.9,1.2,0.8,14.6,30.7,0.6,0.8,1.4,.082,0.2,-1.1,-0.9,0.2
Chris Boucher,C,28,TOR,28,654,23.4,.650,.405,.365,9.0,23.5,16.0,7.0,1.0,9.2,6.1,20.3,2.1,1.0,3.1,.226,3.5,0.3,3.8,1.0
Brian Bowen,SF,22,IND,1,5,17.8,.615,.000,.500,0.0,21.7,11.0,0.0,0.0,0.0,0.0,21.2,0.0,0.0,0.0,.160,0.5,-2.4,-1.8,0.0
Avery Bradley,SG,30,MIA,10,211,10.4,.607,.576,.136,1.1,8.1,4.8,10.3,1.6,0.5,11.4,16.7,0.1,0.2,0.3,.071,-2.7,-0.6,-3.2,-0.1
Tony Bradley,C,23,PHI,10,117,20.3,.537,.028,.139,20.4,26.3,23.4,7.3,1.2,4.6,2.6,14.1,0.3,0.2,0.5,.207,1.9,-0.6,1.3,0.1
Jarrell Brantley,PF,24,UTA,8,22,10.3,.563,.750,.000,5.0,13.8,9.6,0.0,2.2,3.6,11.1,17.5,0.0,0.0,0.0,.097,-2.3,0.9,-1.5,0.0
Ignas Brazdeikis,SF,22,NYK,4,7,11.4,.532,.000,2.000,15.2,14.7,15.0,17.8,0.0,0.0,34.7,18.2,0.0,0.0,0.0,.030,-2.9,-1.9,-4.8,0.0
Mikal Bridges,SF,24,PHO,27,898,16.3,.634,.489,.243,4.7,12.9,8.9,9.1,0.9,2.6,6.2,16.0,2.0,1.0,3.1,.164,2.1,0.5,2.5,1.0
Miles Bridges,PF,22,CHO,28,747,12.0,.581,.442,.147,5.2,18.1,11.6,10.2,1.3,3.0,17.0,16.4,0.3,0.8,1.1,.070,-1.8,-0.3,-2.1,0.0
Malcolm Brogdon,PG,28,IND,29,1045,18.3,.548,.365,.159,2.4,12.3,7.4,28.1,1.7,0.7,9.5,26.2,1.5,1.0,2.5,.115,3.0,-1.1,2.0,1.0
Dillon Brooks,SF,25,MEM,24,700,10.3,.485,.389,.135,3.8,8.6,6.1,13.2,2.2,1.2,12.3,27.1,-0.9,0.6,-0.3,-0.022,-3.5,-2.1,-5.6,-0.6
Bruce Brown,PG,24,BRK,26,498,12.8,.590,.172,.227,7.9,17.2,12.8,7.1,1.6,1.7,13.5,14.1,0.5,0.4,0.9,.091,-2.1,-0.8,-2.8,-0.1
Jaylen Brown,SG,24,BOS,26,868,22.3,.598,.303,.246,3.9,14.9,9.2,19.5,1.7,1.6,11.6,31.4,1.7,0.9,2.6,.146,4.9,-0.5,4.4,1.4
Moses Brown,C,21,OKC,7,31,33.5,.650,.000,1.400,13.6,36.5,25.2,16.4,1.5,11.3,5.8,24.0,0.1,0.1,0.2,.340,5.3,3.8,9.1,0.1
Sterling Brown,SG,25,HOU,26,556,12.9,.590,.613,.063,3.8,15.6,9.6,12.0,2.1,1.1,9.4,13.9,0.7,0.8,1.5,.127,-1.0,1.0,0.0,0.3
Troy Brown Jr.,SF,21,WAS,13,205,5.4,.461,.581,.194,3.9,19.6,11.5,8.5,0.5,0.8,15.1,16.0,-0.2,0.1,-0.1,-0.034,-4.1,-2.3,-6.3,-0.2
Jalen Brunson,PG,24,DAL,24,578,16.4,.626,.340,.270,0.9,13.6,7.2,22.6,0.8,0.0,11.5,19.2,1.3,0.2,1.5,.121,1.2,-1.8,-0.6,0.2
Thomas Bryant,C,23,WAS,10,271,18.8,.704,.231,.264,6.7,17.2,11.8,8.7,0.7,2.6,9.8,17.2,0.7,0.2,0.9,.157,2.1,-1.7,0.4,0.2
Reggie Bullock,SF,29,NYK,25,669,8.9,.540,.605,.084,1.1,12.3,6.8,7.4,1.3,0.9,8.4,14.2,0.2,0.8,1.0,.074,-2.4,0.7,-1.7,0.1
Trey Burke,PG,28,DAL,27,466,13.7,.571,.511,.152,0.9,6.2,3.5,13.7,2.2,0.4,7.3,19.3,0.6,0.2,0.8,.080,-0.4,0.0,-0.4,0.2
Alec Burks,SG,29,NYK,18,459,13.5,.550,.543,.265,2.1,16.6,9.5,12.5,1.6,1.1,10.0,19.3,0.4,0.7,1.0,.107,0.3,0.2,0.5,0.3
Jimmy Butler,SF,31,MIA,16,527,24.2,.559,.110,.612,6.5,19.0,13.1,36.8,2.9,1.2,10.9,26.4,1.5,0.8,2.3,.213,3.3,2.5,5.8,1.0
Bruno Caboclo,PF,25,HOU,6,36,9.2,.475,.294,.118,8.7,32.7,20.6,4.7,0.0,4.8,18.3,25.9,-0.1,0.1,0.0,-0.055,-8.5,-2.1,-10.6,-0.1
Devontae Cacok,PF,24,LAL,1,2,38.7,1.000,.000,.000,0.0,0.0,0.0,0.0,0.0,0.0,0.0,21.7,0.0,0.0,0.0,.342,14.1,3.9,18.0,0.0
Kentavious Caldwell-Pope,SG,27,LAL,25,627,9.8,.589,.548,.161,1.5,8.3,5.0,7.0,1.5,1.1,11.8,14.1,0.4,0.9,1.3,.101,-1.6,-0.1,-1.7,0.1
Facundo Campazzo,PG,29,DEN,25,350,12.1,.561,.667,.302,1.6,4.9,3.2,17.8,3.2,1.1,13.5,15.6,0.4,0.4,0.8,.104,-1.8,0.5,-1.3,0.1
Vlatko Čančar,PF,23,DEN,13,45,2.1,.269,.571,.143,7.5,22.7,15.1,2.7,4.4,4.3,25.2,19.2,-0.2,0.1,-0.1,-0.158,-9.6,-0.7,-10.3,-0.1
Clint Capela,C,26,ATL,25,732,23.1,.582,.000,.282,17.0,34.4,25.8,5.4,1.3,6.4,10.2,19.9,1.4,1.3,2.7,.179,2.0,0.4,2.4,0.8
Vernon Carey Jr.,C,19,CHO,3,6,29.8,.387,.333,.667,35.0,18.1,26.7,24.5,0.0,16.8,0.0,27.5,0.0,0.0,0.0,.197,7.5,-0.1,7.4,0.0
Jevon Carter,PG,25,PHO,23,256,8.3,.447,.671,.027,1.3,12.3,6.9,13.5,1.9,2.1,6.3,13.8,0.0,0.3,0.3,.056,-3.5,2.1,-1.3,0.0
Wendell Carter Jr.,C,21,CHI,16,425,17.1,.613,.109,.522,9.3,22.9,16.2,11.8,1.2,2.3,15.4,20.1,0.7,0.5,1.2,.134,-1.0,-0.4,-1.4,0.1
Michael Carter-Williams,SG,29,ORL,10,246,8.2,.418,.207,.280,7.3,12.7,9.9,17.6,1.0,1.5,14.8,18.7,-0.3,0.2,-0.1,-0.014,-4.9,-0.8,-5.7,-0.2
Alex Caruso,PG,26,LAL,22,412,11.5,.596,.515,.124,3.1,11.0,7.2,16.0,2.6,0.8,19.6,13.4,0.3,0.8,1.0,.122,-1.5,2.2,0.7,0.3
Willie Cauley-Stein,C,27,DAL,26,454,14.8,.646,.051,.444,7.9,21.2,14.5,6.2,1.0,4.0,10.6,12.8,0.9,0.4,1.3,.137,-1.8,0.5,-1.4,0.1
Chris Chiozza,PG,25,BRK,12,111,10.7,.414,.439,.268,3.2,7.6,5.6,31.7,1.7,2.2,14.9,21.0,0.0,0.1,0.0,.014,-2.9,-1.5,-4.4,-0.1
Marquese Chriss,PF,23,GSW,2,27,11.9,.412,.357,.286,11.8,38.0,25.2,11.0,0.0,6.5,11.3,27.9,-0.1,0.1,0.0,-0.023,-2.2,-1.0,-3.2,0.0
Gary Clark,SF,26,ORL,26,545,5.3,.423,.853,.069,5.3,12.7,8.8,5.8,0.8,0.8,12.5,9.4,-0.2,0.4,0.2,.014,-4.3,-1.2,-5.5,-0.5
Brandon Clarke,PF,24,MEM,20,543,16.6,.539,.162,.185,6.3,16.5,11.3,9.8,2.1,2.5,5.5,19.9,0.6,0.6,1.2,.107,-0.3,0.0,-0.3,0.2
Jordan Clarkson,SG,28,UTA,29,760,19.0,.588,.575,.112,3.9,12.3,8.3,13.5,1.8,0.7,10.7,28.4,1.2,1.1,2.3,.145,3.4,-0.4,3.0,1.0
Amir Coffey,SG,23,LAC,19,154,10.1,.637,.525,.225,2.3,8.5,5.5,7.1,1.3,0.0,15.4,14.9,0.1,0.1,0.2,.065,-1.7,-1.1,-2.8,0.0
John Collins,PF,23,ATL,28,884,19.3,.635,.261,.228,7.5,18.2,12.9,8.4,0.7,2.7,8.9,21.2,2.2,0.8,3.0,.162,2.2,-0.4,1.8,0.8
Mike Conley,PG,33,UTA,23,674,19.8,.593,.536,.223,3.8,9.2,6.6,30.2,2.3,0.2,12.6,23.3,1.9,1.0,2.9,.207,3.7,0.4,4.1,1.0
Pat Connaughton,SG,28,MIL,25,475,13.2,.570,.672,.063,5.0,15.9,10.6,9.0,1.7,2.3,5.1,12.2,0.8,0.5,1.3,.133,1.0,0.3,1.2,0.4
Quinn Cook,PG,27,LAL,15,51,12.4,.560,.524,.238,0.0,10.6,5.5,14.2,0.9,0.0,11.5,22.3,0.0,0.1,0.1,.090,-1.9,-1.4,-3.3,0.0
DeMarcus Cousins,C,30,HOU,25,506,15.1,.511,.552,.281,6.2,34.1,20.0,17.9,2.0,3.1,14.2,23.1,-0.1,1.1,1.0,.094,-1.5,1.9,0.4,0.3
Robert Covington,PF,30,POR,26,816,10.0,.511,.710,.097,2.5,19.1,10.4,7.5,2.5,2.7,12.2,11.6,0.1,0.8,0.9,.054,-2.6,0.9,-1.7,0.1
Torrey Craig,SF,30,MIL,15,175,11.6,.568,.486,.054,7.5,15.9,11.8,8.2,2.2,2.6,11.7,10.3,0.2,0.2,0.4,.123,-1.4,1.2,-0.2,0.1
Jae Crowder,PF,30,PHO,24,670,11.5,.540,.771,.154,1.7,18.6,10.3,10.6,1.6,0.7,7.7,16.6,0.4,0.9,1.3,.092,-0.3,0.6,0.3,0.4
Jarrett Culver,SG,21,MIN,16,339,10.7,.518,.279,.297,7.5,18.4,12.7,6.4,1.5,1.5,14.3,18.2,-0.1,0.3,0.1,.021,-4.2,-1.6,-5.8,-0.3
Seth Curry,SG,30,PHI,22,637,14.1,.652,.471,.196,0.9,6.2,3.6,13.2,1.3,0.8,12.3,16.7,1.2,0.5,1.7,.125,0.8,-1.2,-0.4,0.3
Stephen Curry,PG,32,GSW,29,987,25.6,.661,.578,.261,1.4,14.8,8.2,31.4,1.7,0.2,12.4,32.2,3.1,1.2,4.3,.210,7.5,0.0,7.6,2.4
Anthony Davis,PF,27,LAL,23,755,24.7,.588,.151,.339,7.2,20.9,14.3,15.5,2.0,4.6,9.3,27.9,1.6,1.7,3.3,.212,4.3,2.1,6.4,1.6
Ed Davis,C,31,MIN,19,264,12.2,.462,.000,.186,14.7,25.4,19.8,9.3,1.8,3.1,11.4,8.4,0.3,0.3,0.6,.117,-3.8,0.4,-3.4,-0.1
Terence Davis,SG,23,TOR,22,304,11.2,.563,.570,.078,2.1,11.3,6.5,10.0,1.9,1.0,12.5,21.2,0.0,0.3,0.3,.041,-2.0,-1.3,-3.3,-0.1
DeMar DeRozan,PF,31,SAS,25,835,21.7,.603,.143,.503,2.3,13.5,7.8,30.8,1.1,0.8,9.1,23.2,2.7,0.8,3.5,.199,3.9,-0.1,3.8,1.2
Hamidou Diallo,SG,22,OKC,28,673,15.9,.539,.138,.418,5.0,18.2,11.7,16.5,2.0,1.3,11.4,23.6,0.3,0.9,1.2,.085,-1.7,0.4,-1.3,0.1
Gorgui Dieng,C,31,MEM,19,336,18.6,.678,.426,.330,8.6,21.6,14.9,10.6,2.3,3.6,15.7,16.1,0.7,0.5,1.2,.169,1.2,0.8,2.0,0.3
Spencer Dinwiddie,SG,27,BRK,3,64,10.1,.536,.438,.375,0.0,21.5,11.4,17.4,1.5,1.3,21.2,16.0,0.0,0.1,0.1,.039,-3.4,2.0,-1.4,0.0
Donte DiVincenzo,SG,24,MIL,28,732,12.7,.536,.552,.085,4.3,13.5,9.1,13.4,2.2,0.7,11.7,16.7,0.6,0.8,1.4,.090,-0.3,-0.2,-0.4,0.3
Luka Dončić,PG,21,DAL,27,954,26.8,.586,.340,.392,2.7,24.2,13.4,47.5,1.4,1.8,14.5,36.0,2.5,0.8,3.4,.170,6.8,1.0,7.8,2.4
Luguentz Dort,SG,21,OKC,27,800,9.5,.531,.542,.248,2.5,9.8,6.2,7.3,1.5,0.8,11.4,19.4,-0.3,0.7,0.4,.024,-3.3,-1.2,-4.5,-0.5
Damyean Dotson,SG,26,CLE,24,490,9.9,.504,.532,.150,0.9,9.4,5.0,16.0,1.1,0.6,9.8,17.9,0.0,0.2,0.2,.020,-2.0,-1.2,-3.2,-0.2
Devon Dotson,PG,21,CHI,1,10,6.7,.500,.000,.000,0.0,10.9,5.6,0.0,0.0,0.0,0.0,17.0,0.0,0.0,0.0,-0.001,-6.2,-2.3,-8.5,0.0
Sekou Doumbouya,PF,20,DET,24,314,6.1,.441,.382,.225,5.1,16.0,10.4,6.6,1.6,0.6,12.5,17.7,-0.4,0.3,-0.1,-0.022,-5.6,-2.0,-7.5,-0.4
PJ Dozier,SG,24,DEN,17,330,13.6,.576,.394,.266,5.5,18.6,12.0,9.3,1.3,2.9,11.0,15.5,0.4,0.3,0.7,.108,-0.3,-0.4,-0.8,0.1
Goran Dragić,PG,34,MIA,17,451,13.4,.566,.400,.241,1.8,10.6,6.5,33.7,1.0,0.5,19.1,26.3,0.0,0.4,0.4,.042,-1.0,-2.3,-3.3,-0.1
Andre Drummond,C,27,CLE,25,722,20.9,.500,.021,.339,15.0,37.5,25.9,15.8,2.7,3.6,15.6,30.8,-0.6,1.3,0.7,.047,-0.5,0.2,-0.3,0.3
Jared Dudley,PF,35,LAL,6,22,11.5,1.500,1.000,.000,5.3,24.6,15.3,5.5,0.0,0.0,0.0,2.0,0.0,0.0,0.1,.178,2.2,-0.5,1.7,0.0
Kevin Durant,PF,32,BRK,19,679,25.1,.652,.315,.404,1.2,20.6,11.5,23.5,1.0,3.3,13.7,31.2,2.0,0.6,2.6,.182,5.4,0.0,5.4,1.2
Anthony Edwards,SG,19,MIN,29,817,10.5,.479,.403,.163,2.3,12.4,7.0,13.1,1.2,1.0,9.4,25.1,-0.8,0.4,-0.4,-0.022,-2.5,-2.6,-5.1,-0.6
Carsen Edwards,SG,22,BOS,13,134,12.2,.551,.545,.164,1.6,9.4,5.4,5.6,1.5,0.7,3.3,19.5,0.2,0.1,0.3,.096,-2.8,-1.6,-4.3,-0.1
CJ Elleby,SF,20,POR,12,96,12.2,.592,.621,.310,4.2,9.3,6.7,4.4,1.5,2.9,8.3,16.0,0.1,0.0,0.2,.089,-2.4,-0.5,-3.0,0.0
Wayne Ellington,SG,33,DET,21,481,12.8,.633,.769,.095,1.6,8.3,4.8,8.0,0.8,0.8,7.4,17.1,0.7,0.2,0.9,.092,1.9,-1.9,0.0,0.2
Joel Embiid,C,26,PHI,23,748,30.8,.661,.169,.649,6.7,28.9,18.2,16.6,1.9,3.3,13.3,33.6,2.9,1.3,4.3,.273,6.4,1.5,7.9,1.9
James Ennis,SF,30,ORL,20,438,12.7,.622,.369,.301,5.2,12.8,8.9,8.9,2.1,1.2,14.6,13.3,0.5,0.5,1.0,.110,-2.3,0.7,-1.6,0.0
Drew Eubanks,C,23,SAS,11,139,12.4,.500,.000,.432,5.1,23.0,13.8,3.8,0.3,9.2,10.2,15.1,0.0,0.2,0.2,.079,-3.9,1.1,-2.8,0.0
Dante Exum,SG,25,CLE,6,116,6.1,.428,.423,.077,1.8,14.8,8.1,15.5,1.7,1.6,20.7,12.5,-0.1,0.1,-0.1,-0.023,-4.8,1.7,-3.1,0.0
Tacko Fall,C,25,BOS,6,49,22.5,.612,.000,.667,17.8,30.3,23.9,0.0,0.0,15.1,6.1,14.4,0.1,0.1,0.2,.219,-0.1,1.6,1.4,0.0
Derrick Favors,C,29,UTA,27,444,20.6,.675,.010,.438,14.0,21.4,17.9,8.0,1.6,5.2,11.3,13.6,1.4,0.9,2.4,.257,0.4,2.2,2.6,0.5
Cristiano Felício,C,28,CHI,6,38,18.1,.731,.000,2.000,17.9,17.2,17.5,16.5,2.5,0.0,28.5,11.8,0.1,0.0,0.2,.195,1.8,1.8,3.6,0.1
Terrance Ferguson,SG,22,PHI,7,24,-5.9,.000,1.000,.000,0.0,4.4,2.3,9.7,0.0,0.0,25.0,7.0,-0.1,0.0,-0.1,-0.133,-10.3,-3.0,-13.3,-0.1
Bruno Fernando,C,22,ATL,15,132,7.4,.472,.091,.682,9.9,32.3,21.2,9.1,0.7,1.3,29.6,13.1,-0.1,0.2,0.0,.007,-4.7,-0.3,-5.0,-0.1
Yogi Ferrell,PG,27,CLE,2,40,12.7,.434,.429,.095,8.0,11.5,9.7,20.5,3.7,2.3,12.1,26.7,-0.1,0.0,0.0,-0.028,-1.9,0.4,-1.5,0.0
Dorian Finney-Smith,PF,27,DAL,19,583,11.0,.595,.693,.086,5.2,11.9,8.6,5.4,1.6,1.3,7.6,11.8,0.7,0.3,1.0,.085,-0.3,-0.6,-0.9,0.2
Malachi Flynn,PG,22,TOR,13,106,4.5,.356,.590,.103,1.0,8.6,4.7,20.5,1.8,0.0,8.9,18.0,-0.2,0.1,-0.1,-0.051,-6.7,-1.5,-8.1,-0.2
Bryn Forbes,SG,27,MIL,28,514,11.8,.629,.599,.099,1.1,5.4,3.3,3.4,0.6,0.0,8.3,18.7,0.6,0.2,0.8,.076,0.0,-2.7,-2.7,-0.1
Trent Forrest,PG,22,UTA,4,13,9.2,.347,1.000,1.000,0.0,7.8,4.1,9.0,7.5,0.0,0.0,9.5,0.0,0.0,0.0,.128,-8.5,7.1,-1.3,0.0
Evan Fournier,SF,28,ORL,15,430,17.5,.593,.482,.389,0.9,8.5,4.6,20.7,1.7,1.3,12.1,25.5,0.7,0.4,1.0,.116,1.4,-1.0,0.5,0.3
De'Aaron Fox,PG,23,SAC,26,860,19.9,.564,.304,.372,2.3,8.7,5.5,33.0,1.8,1.3,13.1,30.6,1.4,0.1,1.5,.081,2.8,-1.6,1.2,0.7
Tim Frazier,PG,30,MEM,3,33,0.3,.250,.250,.000,0.0,13.7,6.7,25.8,1.5,0.0,27.3,14.2,-0.1,0.0,-0.1,-0.120,-10.9,-2.6,-13.6,-0.1
Markelle Fultz,PG,22,ORL,8,215,12.2,.458,.154,.183,2.3,10.1,6.0,32.4,1.8,0.8,13.8,25.8,-0.2,0.2,0.0,-0.002,-2.9,-1.7,-4.6,-0.1
Wenyen Gabriel,PF,23,NOP,3,10,-1.4,.000,.333,.000,11.1,33.3,22.2,11.4,0.0,0.0,0.0,12.8,0.0,0.0,0.0,-0.178,-7.1,-5.6,-12.7,0.0
Daniel Gafford,PF,22,CHI,23,330,17.6,.689,.000,.507,11.3,14.2,12.8,6.7,1.6,7.8,16.8,13.8,0.7,0.5,1.2,.172,-1.4,1.6,0.2,0.2
Danilo Gallinari,PF,32,ATL,16,315,12.5,.594,.570,.430,1.0,14.6,7.9,8.6,0.5,0.5,11.7,22.0,0.4,0.2,0.5,.083,-0.4,-2.2,-2.6,-0.1
Langston Galloway,SG,29,PHO,22,245,13.2,.650,.575,.219,1.9,8.9,5.4,8.6,0.8,0.0,8.0,15.9,0.5,0.2,0.7,.130,0.8,-0.7,0.0,0.1
Darius Garland,PG,21,CLE,21,679,12.9,.533,.288,.104,1.6,6.3,3.8,27.0,1.4,0.4,14.3,23.1,0.2,0.2,0.4,.028,-0.2,-1.7,-2.0,0.0
Marc Gasol,C,36,LAL,29,579,10.3,.550,.570,.250,4.6,18.5,11.8,11.5,1.0,5.3,17.8,10.1,0.4,1.2,1.5,.127,-2.3,2.5,0.2,0.3
Rudy Gay,PF,34,SAS,26,572,13.9,.524,.434,.167,4.2,20.6,12.2,10.1,1.5,1.9,9.8,23.0,-0.1,0.8,0.7,.058,-0.6,-0.7,-1.3,0.1
Paul George,SF,30,LAC,20,680,23.2,.662,.474,.254,2.2,17.8,10.2,25.7,1.7,1.2,16.4,28.6,1.8,0.8,2.6,.185,5.7,-0.4,5.4,1.3
Taj Gibson,PF,35,NYK,8,109,10.6,.530,.250,.300,10.8,13.2,12.0,5.2,0.9,2.7,8.1,10.0,0.1,0.1,0.3,.117,-3.1,0.2,-2.9,0.0
Harry Giles,C,22,POR,22,260,11.3,.486,.129,.290,9.8,35.6,22.1,10.2,0.9,3.2,18.6,14.2,0.0,0.3,0.3,.061,-4.3,-0.5,-4.7,-0.2
Shai Gilgeous-Alexander,SG,22,OKC,22,741,21.6,.612,.311,.404,2.1,14.4,8.4,33.0,1.2,1.7,13.5,27.4,1.7,0.8,2.4,.156,3.6,0.0,3.5,1.0
Anthony Gill,PF,28,WAS,10,65,7.9,.425,.700,.400,4.7,26.7,15.3,5.7,2.1,2.7,20.3,9.4,-0.1,0.1,0.0,.019,-4.2,-0.1,-4.3,0.0
Rudy Gobert,C,28,UTA,29,878,23.2,.644,.004,.676,12.9,33.2,23.5,6.3,0.7,7.1,12.8,18.0,2.2,2.1,4.3,.237,1.7,2.0,3.6,1.3
Brandon Goodwin,PG,25,ATL,22,280,8.1,.431,.510,.235,1.2,9.1,5.2,21.9,1.7,0.0,9.6,18.9,-0.1,0.2,0.0,.006,-3.2,-0.1,-3.4,-0.1
Aaron Gordon,PF,25,ORL,19,552,14.9,.528,.394,.376,6.0,20.4,12.9,22.5,1.2,2.6,17.6,23.3,-0.1,0.6,0.6,.050,0.5,0.1,0.6,0.4
Eric Gordon,SG,32,HOU,22,646,16.8,.612,.578,.311,1.1,7.0,4.0,15.3,0.9,1.5,11.1,24.9,1.0,0.6,1.6,.115,2.1,-1.0,1.1,0.5
Devonte' Graham,PG,25,CHO,25,821,12.1,.503,.652,.229,1.8,8.1,4.9,24.2,1.5,0.0,9.3,19.5,0.7,0.5,1.2,.071,-0.5,-1.4,-1.9,0.0
Jerami Grant,SF,26,DET,28,1017,18.7,.579,.373,.343,2.4,14.3,8.1,14.2,1.1,3.1,7.7,26.5,1.9,0.9,2.7,.130,3.2,-0.6,2.6,1.1
Danny Green,SF,33,PHI,29,824,9.7,.550,.757,.063,3.9,10.0,7.1,8.0,1.8,2.3,14.9,13.7,0.1,0.9,1.0,.061,-1.1,-0.1,-1.2,0.2
Draymond Green,PF,30,GSW,24,695,10.3,.431,.331,.262,2.1,17.9,10.2,36.2,2.2,1.9,30.3,12.7,-0.1,1.1,1.0,.068,-3.3,2.3,-1.1,0.2
JaMychal Green,PF,30,DEN,24,511,14.6,.585,.536,.179,9.0,24.2,16.6,6.5,1.4,1.3,11.9,18.6,0.7,0.6,1.2,.116,0.3,-2.0,-1.7,0.0
Javonte Green,SG,27,BOS,18,276,12.7,.595,.339,.468,6.7,11.6,9.1,4.0,3.0,0.7,12.8,13.3,0.3,0.3,0.6,.111,-1.4,1.0,-0.4,0.1
Jeff Green,PF,34,BRK,30,780,12.2,.647,.534,.218,2.1,13.3,8.1,7.2,1.2,0.8,9.6,13.9,1.2,0.4,1.6,.098,-0.4,-1.0,-1.4,0.1
Josh Green,SG,20,DAL,17,212,6.4,.514,.333,.306,6.2,14.1,10.1,6.2,0.9,0.4,21.2,10.7,-0.1,0.1,0.0,.005,-4.6,-0.6,-5.2,-0.2
Blake Griffin,PF,31,DET,20,626,10.0,.491,.559,.279,1.2,18.1,9.3,18.8,1.1,0.3,11.4,19.4,-0.1,0.5,0.4,.027,-1.5,-1.1,-2.6,-0.1
Kyle Guy,PG,23,SAC,10,79,11.8,.408,.500,.250,4.1,12.6,8.3,21.5,2.4,0.0,2.7,19.7,0.0,0.0,0.0,.029,-2.1,-0.8,-3.0,0.0
Rui Hachimura,PF,22,WAS,19,555,12.9,.549,.255,.378,4.0,15.8,9.7,9.9,1.0,0.3,7.7,18.4,0.6,0.3,0.8,.071,-1.0,-2.0,-3.0,-0.1
Ashton Hagans,PG,21,MIN,2,4,-12.6,0,0,0,0.0,0.0,0.0,0.0,0.0,0.0,100.0,10.5,0.0,0.0,0.0,-0.352,-13.8,-7.9,-21.7,0.0
Tyrese Haliburton,PG,20,SAC,25,734,17.5,.629,.548,.071,3.7,9.6,6.6,24.9,2.0,1.7,14.3,16.7,1.6,0.2,1.7,.114,2.9,-0.7,2.3,0.8
Josh Hall,SF,20,OKC,7,51,-2.3,.285,.444,.389,2.1,16.1,9.2,18.6,0.0,0.0,15.9,21.3,-0.2,0.0,-0.2,-0.197,-10.6,-3.7,-14.4,-0.2
R.J. Hampton,PG,19,DEN,21,180,7.3,.473,.340,.128,5.6,19.6,12.6,7.2,1.4,1.1,16.8,14.4,-0.1,0.2,0.0,.010,-4.8,-0.9,-5.6,-0.2
Tim Hardaway Jr.,SG,28,DAL,27,825,14.2,.579,.586,.181,0.8,10.7,5.7,8.0,1.1,0.5,6.0,22.0,0.9,0.3,1.2,.067,1.1,-2.0,-0.9,0.2
James Harden,SG,31,TOT,24,903,24.2,.648,.500,.434,2.3,18.5,10.7,44.7,1.3,1.7,18.5,26.5,3.3,0.9,4.1,.220,6.0,-0.2,5.8,1.8
James Harden,SG,31,HOU,8,290,22.7,.613,.533,.444,1.8,13.3,7.5,46.8,1.1,1.8,17.4,28.7,0.8,0.3,1.1,.190,5.6,-1.0,4.6,0.5
James Harden,SG,31,BRK,16,613,24.9,.668,.482,.429,2.5,20.9,12.3,43.7,1.4,1.6,19.2,25.4,2.5,0.5,3.0,.235,6.2,0.1,6.4,1.3
Maurice Harkless,SF,27,MIA,10,109,4.6,.551,.800,.200,1.1,7.8,4.6,8.5,0.9,2.8,15.5,5.3,0.0,0.1,0.1,.052,-3.1,0.6,-2.5,0.0
Jared Harper,PG,23,NYK,2,5,-11.9,.532,.000,2.000,0.0,0.0,0.0,0.0,0.0,0.0,51.5,34.3,-0.1,0.0,0.0,-0.467,-15.0,-8.5,-23.5,0.0
Montrezl Harrell,C,27,LAL,29,714,21.3,.676,.017,.429,10.7,17.7,14.3,6.9,1.4,2.5,11.5,19.6,2.1,1.3,3.4,.227,1.8,0.5,2.3,0.8
Gary Harris,SG,26,DEN,19,581,9.3,.544,.481,.192,2.5,6.6,4.6,7.2,1.4,0.7,7.6,13.7,0.4,0.3,0.7,.061,-2.1,-1.5,-3.6,-0.2
Jalen Harris,SG,22,TOR,2,4,-10.5,0,0,0,26.7,0.0,13.8,0.0,0.0,0.0,100.0,10.7,0.0,0.0,0.0,-0.200,-16.5,-4.8,-21.2,0.0
Joe Harris,SF,29,BRK,30,928,14.9,.688,.631,.073,2.3,9.9,6.3,8.3,0.8,0.6,7.2,16.3,2.1,0.3,2.4,.123,2.1,-1.7,0.5,0.6
Tobias Harris,PF,28,PHI,26,896,19.7,.615,.270,.225,4.2,19.9,12.3,14.3,1.1,2.2,10.8,23.2,1.9,1.1,3.0,.160,2.9,-0.1,2.8,1.1
Shaquille Harrison,SG,27,UTA,16,54,7.0,.393,.053,.316,6.2,11.3,8.8,20.0,1.8,0.0,18.8,21.2,-0.1,0.1,0.0,-0.019,-6.4,-1.2,-7.6,-0.1
Josh Hart,SF,25,NOP,28,785,12.5,.577,.590,.231,4.1,25.5,14.8,10.0,1.4,0.7,9.7,12.9,1.1,0.6,1.6,.099,-0.8,0.0,-0.8,0.2
Isaiah Hartenstein,C,22,DEN,18,157,19.1,.568,.000,.491,18.6,18.1,18.4,9.3,2.2,8.0,17.3,22.4,0.2,0.3,0.5,.140,-3.6,-0.1,-3.7,-0.1
Jaxson Hayes,C,20,NOP,21,246,15.5,.662,.000,.473,11.7,22.6,17.1,5.0,1.4,2.9,16.4,13.7,0.5,0.2,0.7,.130,-2.0,0.0,-2.0,0.0
Killian Hayes,PG,19,DET,7,148,-1.4,.334,.426,.043,0.7,5.5,3.0,24.2,0.7,0.0,26.2,19.0,-0.6,0.0,-0.5,-0.176,-9.3,-4.2,-13.6,-0.4
Gordon Hayward,SF,30,CHO,26,922,18.7,.598,.313,.273,2.7,13.9,8.2,17.5,1.5,1.2,10.2,24.9,1.7,0.8,2.5,.132,2.6,-0.8,1.8,0.9
Juan Hernangómez,PF,25,MIN,13,242,10.5,.511,.587,.187,5.5,24.4,14.4,4.1,1.0,0.7,6.9,15.1,0.1,0.2,0.2,.046,-2.2,-2.3,-4.5,-0.2
Willy Hernangómez,C,26,NOP,13,222,20.6,.578,.076,.348,17.0,25.0,21.0,9.5,1.3,2.3,6.2,15.6,0.7,0.2,0.8,.181,1.8,-2.0,-0.2,0.1
Tyler Herro,SG,21,MIA,20,687,12.1,.535,.420,.169,1.6,18.1,10.3,18.8,0.6,1.5,14.1,23.9,-0.4,0.7,0.3,.021,-1.2,-1.4,-2.6,-0.1
Buddy Hield,SG,28,SAC,27,940,10.7,.540,.736,.123,1.2,14.1,7.6,11.9,1.2,0.8,11.6,20.7,0.1,0.1,0.2,.009,-0.7,-2.0,-2.8,-0.2
George Hill,PG,34,OKC,14,369,16.0,.630,.475,.208,2.3,5.9,4.1,17.9,1.5,0.5,8.4,16.8,0.8,0.3,1.1,.137,0.9,-0.5,0.4,0.2
Solomon Hill,PF,29,ATL,28,532,6.4,.494,.750,.083,2.3,10.8,6.6,6.1,1.6,1.0,10.8,11.2,-0.1,0.4,0.3,.029,-2.9,0.1,-2.8,-0.1
Nate Hinton,SG,21,DAL,6,19,-6.5,.288,.385,.154,0.0,0.0,0.0,0.0,2.6,5.0,12.6,36.6,-0.2,0.0,-0.2,-0.441,-12.2,-5.6,-17.8,-0.1
Aaron Holiday,PG,24,IND,29,576,7.1,.464,.425,.132,1.2,6.2,3.7,12.6,1.2,0.6,9.0,19.2,-0.5,0.3,-0.1,-0.012,-4.1,-1.8,-5.9,-0.6
Jrue Holiday,PG,30,MIL,23,747,19.9,.593,.371,.144,4.2,11.2,7.8,22.5,2.8,1.7,10.2,19.9,1.9,0.9,2.8,.180,2.7,1.1,3.8,1.1
Justin Holiday,SG,31,IND,29,935,12.4,.628,.676,.174,2.5,11.9,7.3,7.0,1.8,0.9,7.3,13.3,1.3,0.9,2.2,.114,0.4,0.1,0.5,0.6
Richaun Holmes,C,27,SAC,25,739,18.2,.677,.024,.276,9.1,19.6,14.3,8.8,1.1,4.7,13.9,15.8,1.7,0.4,2.1,.136,-0.6,-0.1,-0.7,0.2
Rodney Hood,SF,28,POR,23,436,5.0,.427,.359,.046,0.9,8.9,4.8,8.7,1.7,0.4,11.9,14.9,-0.6,0.1,-0.4,-0.047,-6.3,-1.7,-8.0,-0.7
Al Horford,C,34,OKC,19,536,17.6,.547,.425,.073,3.1,22.1,12.7,21.2,1.6,2.6,8.6,22.5,0.4,0.8,1.2,.106,1.8,1.4,3.2,0.7
Talen Horton-Tucker,SG,20,LAL,25,413,11.7,.521,.287,.187,2.5,13.4,8.1,15.1,2.5,2.5,16.0,20.3,-0.2,0.8,0.7,.076,-3.2,1.7,-1.6,0.1
Danuel House,SF,27,HOU,17,474,8.9,.496,.604,.216,2.2,11.7,6.9,10.7,1.3,1.6,9.5,15.1,0.0,0.6,0.5,.052,-2.9,-0.2,-3.1,-0.1
Dwight Howard,C,35,PHI,29,483,13.9,.575,.073,.782,18.3,31.8,25.3,5.3,1.2,4.6,26.8,17.6,0.0,0.9,0.9,.088,-4.4,-0.7,-5.1,-0.4
Markus Howard,SG,21,DEN,14,48,-6.4,.259,.724,.000,0.0,11.8,5.9,13.8,2.1,0.0,12.1,29.9,-0.3,0.0,-0.3,-0.310,-14.4,-5.5,-20.0,-0.2
Kevin Huerter,SG,22,ATL,28,890,11.9,.539,.537,.080,2.5,9.8,6.2,17.8,1.9,0.5,10.4,16.6,0.7,0.6,1.4,.075,-0.4,0.1,-0.3,0.4
Elijah Hughes,SF,22,UTA,6,27,9.8,.477,.667,.267,0.0,15.0,7.9,16.7,1.8,3.0,19.3,33.0,-0.1,0.0,0.0,-0.059,-3.2,-1.3,-4.5,0.0
De'Andre Hunter,SF,23,ATL,18,579,17.5,.640,.390,.348,3.0,14.9,9.0,10.9,1.4,1.3,9.4,19.6,1.3,0.5,1.8,.151,2.2,0.3,2.5,0.7
Chandler Hutchison,SF,24,CHI,7,64,0.5,.344,.167,.111,1.8,32.4,17.4,7.8,0.7,0.0,20.9,15.8,-0.2,0.1,-0.1,-0.104,-9.4,-1.5,-10.9,-0.1
Serge Ibaka,C,31,LAC,29,701,18.2,.593,.287,.164,9.1,21.5,15.5,10.6,0.5,4.6,11.7,20.5,1.2,0.9,2.1,.143,1.1,-0.9,0.2,0.4
Andre Iguodala,SF,37,MIA,26,552,8.9,.492,.766,.099,2.8,15.6,9.6,15.4,2.4,2.2,18.9,11.5,-0.2,0.8,0.6,.053,-2.5,2.1,-0.4,0.2
Joe Ingles,SF,33,UTA,25,665,16.7,.694,.675,.173,1.8,11.6,6.9,25.2,0.7,0.6,16.2,16.3,2.0,0.8,2.7,.198,3.3,0.8,4.1,1.0
Brandon Ingram,SF,23,NOP,28,974,20.4,.592,.356,.308,1.9,15.2,8.5,21.6,0.9,2.8,11.0,27.4,2.3,0.5,2.8,.137,4.3,-1.2,3.1,1.2
Kyrie Irving,PG,28,BRK,20,707,25.3,.647,.346,.213,3.0,11.1,7.3,26.6,1.4,1.7,9.9,29.6,2.6,0.4,3.0,.203,6.1,-0.8,5.3,1.3
Wesley Iwundu,SF,26,DAL,17,232,3.6,.367,.500,.217,2.4,13.3,7.8,4.4,1.5,0.8,7.4,10.3,-0.3,0.1,-0.1,-0.028,-6.2,-0.2,-6.4,-0.3
Frank Jackson,PG,22,DET,7,39,1.5,.344,.625,.000,0.0,15.0,7.2,30.0,1.3,0.0,20.0,22.2,-0.1,0.0,-0.1,-0.143,-7.0,-2.2,-9.2,-0.1
Josh Jackson,SG,23,DET,26,627,12.2,.530,.420,.325,3.3,15.9,9.3,13.3,2.0,3.5,16.5,25.9,-0.7,0.7,0.1,.005,-2.2,-0.2,-2.4,-0.1
Justin Jackson,SF,25,OKC,18,324,12.1,.569,.509,.155,2.6,11.1,6.9,15.6,1.0,0.3,12.7,19.0,0.2,0.3,0.4,.060,-1.2,-0.6,-1.8,0.0
Reggie Jackson,SG,30,LAC,27,562,13.3,.534,.462,.196,1.9,12.4,7.3,21.8,1.6,0.5,10.7,19.0,0.7,0.5,1.2,.103,-0.9,-0.7,-1.6,0.1
Justin James,SF,24,SAC,8,50,6.6,.360,.267,.467,4.3,11.1,7.7,7.9,1.0,1.7,0.0,15.4,-0.1,0.0,-0.1,-0.063,-4.3,-3.6,-7.9,-0.1
LeBron James,PG,36,LAL,29,1006,24.2,.600,.355,.318,2.0,23.6,13.2,38.4,1.4,1.3,14.8,31.4,2.3,1.9,4.2,.200,5.8,1.3,7.2,2.3
DaQuan Jeffries,SG,23,SAC,3,41,3.5,.250,.500,.000,5.3,10.8,8.0,6.1,3.5,4.1,14.3,14.6,-0.1,0.0,-0.1,-0.123,-7.7,-1.1,-8.9,-0.1
Isaiah Joe,SG,21,PHI,16,212,10.3,.546,.789,.070,2.1,7.5,4.9,9.6,1.3,1.7,6.4,15.6,0.2,0.2,0.4,.090,-1.4,-0.6,-2.0,0.0
Cameron Johnson,PF,24,PHO,27,686,13.2,.588,.687,.133,2.8,12.8,7.9,8.3,1.2,1.0,7.8,17.5,0.8,0.7,1.5,.105,1.1,-0.4,0.7,0.5
James Johnson,PF,33,DAL,23,424,12.3,.550,.407,.195,2.8,15.6,9.2,12.4,2.3,4.3,15.8,16.4,0.0,0.5,0.5,.052,-2.0,1.9,-0.1,0.2
Keldon Johnson,SF,21,SAS,27,812,15.3,.556,.260,.321,5.8,18.5,12.0,10.9,1.2,1.5,10.2,20.7,0.7,1.0,1.7,.101,-0.3,-0.7,-1.0,0.2
Stanley Johnson,PF,24,TOR,25,368,9.6,.558,.597,.226,4.1,15.2,9.5,12.7,2.7,2.2,20.9,10.0,0.2,0.5,0.6,.084,-2.5,2.0,-0.5,0.1
Tyler Johnson,SG,28,BRK,13,159,11.1,.616,.681,.043,1.5,8.7,5.3,9.0,1.2,0.0,7.7,14.1,0.2,0.0,0.3,.079,-0.7,-1.6,-2.3,0.0
Nikola Jokić,C,25,DEN,28,1006,31.4,.656,.207,.300,9.3,25.9,17.5,40.6,2.2,1.7,14.1,29.4,4.9,1.4,6.3,.300,9.1,2.3,11.4,3.4
Damian Jones,C,25,PHO,11,78,3.9,.466,.100,.900,10.2,12.5,11.4,0.0,0.6,5.7,26.4,10.9,-0.1,0.1,0.0,.019,-8.7,0.2,-8.5,-0.1
Derrick Jones Jr.,SF,23,POR,24,650,11.3,.556,.434,.343,6.9,11.8,9.3,3.5,1.5,3.2,8.9,11.9,0.7,0.4,1.1,.078,-2.3,-0.5,-2.8,-0.1
Mason Jones,SG,22,HOU,18,201,11.8,.584,.569,.431,1.6,17.6,9.5,18.3,1.4,0.0,19.7,22.6,-0.1,0.2,0.2,.046,-1.9,-0.7,-2.6,0.0
Tre Jones,PG,21,SAS,9,27,19.6,.634,.083,.417,14.9,0.0,7.7,5.8,0.0,0.0,12.3,25.7,0.1,0.0,0.1,.151,2.7,-4.3,-1.5,0.0
Tyus Jones,PG,24,MEM,24,565,14.2,.466,.354,.078,2.8,10.2,6.4,30.5,2.7,0.5,10.4,16.7,0.4,0.5,1.0,.083,-0.8,0.3,-0.6,0.2
DeAndre Jordan,C,32,BRK,28,606,16.7,.764,.000,.372,9.7,25.7,18.1,11.6,0.7,5.2,26.7,12.8,1.1,0.7,1.8,.139,-0.4,1.5,1.1,0.5
Cory Joseph,PG,29,SAC,27,534,10.8,.551,.355,.174,2.2,9.3,5.7,16.4,2.0,0.9,14.8,15.6,0.3,0.1,0.4,.034,-3.1,-0.5,-3.5,-0.2
Mfiondu Kabengele,PF,23,LAC,17,69,-0.8,.343,.522,.174,1.7,15.8,9.0,5.5,1.4,2.6,16.8,19.1,-0.3,0.1,-0.2,-0.121,-11.3,-2.1,-13.4,-0.2
Frank Kaminsky,C,27,PHO,20,316,16.2,.531,.339,.200,6.8,24.0,15.6,18.4,0.6,2.8,7.4,19.2,0.5,0.4,0.9,.138,0.8,1.5,2.3,0.3
Enes Kanter,C,28,POR,28,702,21.9,.611,.000,.278,16.7,31.0,23.5,6.7,1.0,2.8,11.5,18.1,2.0,0.7,2.7,.184,1.0,-2.3,-1.3,0.1
Luke Kennard,SG,24,LAC,29,639,10.8,.599,.553,.080,1.4,12.8,7.3,11.1,0.8,0.8,12.2,15.3,0.6,0.5,1.1,.083,-0.8,-1.5,-2.2,0.0
Maxi Kleber,PF,29,DAL,17,435,11.4,.639,.744,.209,4.0,19.0,11.5,7.6,0.7,2.8,9.6,10.5,0.7,0.3,1.0,.106,-0.3,-0.6,-0.8,0.1
Nathan Knight,PF,23,ATL,9,54,16.9,.549,.409,.364,16.2,11.8,14.0,2.8,1.8,4.8,13.6,23.3,0.1,0.1,0.1,.102,-0.3,-0.6,-1.0,0.0
Kevin Knox,SF,21,NYK,23,373,8.1,.520,.584,.106,2.6,10.8,6.7,6.6,1.1,1.6,11.9,15.9,-0.1,0.4,0.3,.043,-2.0,-0.4,-2.4,0.0
John Konchar,SG,24,MEM,16,264,13.3,.555,.393,.286,6.5,19.3,12.7,8.6,3.3,1.7,11.3,11.4,0.3,0.4,0.7,.122,-2.2,1.5,-0.6,0.1
Furkan Korkmaz,SG,23,PHI,18,351,8.1,.496,.577,.123,1.3,12.7,7.2,5.5,1.8,0.5,11.0,18.5,-0.3,0.4,0.1,.015,-3.2,-1.1,-4.3,-0.2
Luke Kornet,PF,25,CHI,6,43,3.7,.302,.786,.143,0.0,22.9,11.6,5.8,2.2,2.1,6.3,15.7,-0.1,0.1,-0.1,-0.075,-5.4,-0.4,-5.8,0.0
Rodions Kurucs,SF-PF,22,TOT,14,73,3.2,.383,.700,.100,2.9,14.6,8.8,7.0,3.2,2.4,25.1,16.3,-0.2,0.1,-0.1,-0.079,-8.5,1.9,-6.6,-0.1
Rodions Kurucs,PF,22,BRK,5,16,7.6,.500,.667,.000,0.0,19.9,10.5,14.9,0.0,0.0,0.0,8.1,0.0,0.0,0.0,.075,-1.2,0.4,-0.8,0.0
Rodions Kurucs,SF,22,HOU,9,57,2.0,.364,.706,.118,3.7,13.1,8.4,4.8,4.1,3.0,28.1,18.6,-0.3,0.1,-0.1,-0.122,-10.6,2.3,-8.3,-0.1
Kyle Kuzma,SF,25,LAL,29,724,13.1,.546,.482,.094,8.2,18.4,13.4,6.6,0.6,2.2,11.4,19.5,0.3,1.2,1.5,.098,0.0,-0.9,-0.9,0.2
Jeremy Lamb,SG,28,IND,16,401,17.8,.676,.477,.300,3.9,14.9,9.5,9.1,1.7,1.7,8.7,17.4,1.0,0.4,1.5,.175,2.5,0.6,3.0,0.5
Zach LaVine,SG,25,CHI,27,962,22.7,.649,.420,.272,2.6,14.4,8.6,24.7,1.5,1.1,14.9,30.7,2.3,0.9,3.1,.156,4.9,-0.8,4.1,1.5
Jake Layman,SF,26,MIN,19,292,13.0,.583,.402,.250,1.7,8.9,5.2,5.0,2.8,2.5,8.9,16.1,0.2,0.3,0.5,.076,-2.3,0.3,-2.0,0.0
Jalen Lecque,PG,20,IND,3,9,24.2,.470,.250,.750,12.4,36.2,24.5,29.2,0.0,0.0,0.0,25.7,0.0,0.0,0.0,.229,2.9,-0.3,2.6,0.0
Damion Lee,SG,28,GSW,29,561,11.2,.609,.791,.158,2.3,15.5,9.0,10.4,1.4,0.5,7.5,12.1,0.7,0.7,1.4,.120,-1.1,0.0,-1.1,0.1
Saben Lee,PG,21,DET,8,70,7.0,.489,.071,.714,1.5,3.3,2.4,16.0,2.8,1.3,21.4,14.5,0.0,0.1,0.0,.012,-6.4,0.9,-5.5,-0.1
Alex Len,C,27,TOT,20,292,15.5,.667,.253,.453,5.2,20.7,12.7,10.7,1.3,6.9,20.4,16.1,0.3,0.4,0.6,.101,-1.7,1.7,0.0,0.2
Alex Len,C,27,TOR,7,76,4.3,.633,.600,.600,0.0,16.6,8.0,5.1,0.6,8.0,38.8,11.6,-0.1,0.1,0.0,-0.029,-6.8,1.2,-5.6,-0.1
Alex Len,C,27,WAS,13,216,19.5,.673,.200,.431,7.0,22.1,14.3,12.7,1.5,6.4,16.2,17.7,0.4,0.3,0.7,.147,0.1,1.9,2.0,0.2
Kawhi Leonard,SF,29,LAC,23,792,27.5,.617,.259,.320,2.8,16.0,9.6,24.7,2.5,1.6,7.8,30.2,3.0,1.1,4.1,.247,5.5,0.7,6.3,1.7
Meyers Leonard,C,28,MIA,3,29,6.6,.635,1.000,.286,0.0,25.7,13.6,10.0,0.0,0.0,20.2,15.2,0.0,0.0,0.0,.040,-3.5,-0.9,-4.4,0.0
Caris LeVert,SG,26,BRK,12,334,19.1,.516,.315,.170,3.6,13.3,8.7,33.6,1.8,1.5,10.8,31.2,0.3,0.2,0.6,.080,1.3,-0.7,0.6,0.2
Kira Lewis Jr.,PG,19,NOP,17,223,11.7,.491,.333,.230,1.0,6.5,3.7,18.7,2.2,0.5,7.7,19.8,0.1,0.1,0.2,.049,-2.6,-1.2,-3.8,-0.1
Damian Lillard,PG,30,POR,27,969,27.1,.625,.529,.379,1.4,12.2,6.5,36.2,1.5,0.7,11.7,32.2,4.2,0.3,4.5,.225,7.7,-1.4,6.3,2.1
Nassir Little,PF,20,POR,13,141,16.3,.717,.450,.225,7.2,12.7,9.8,3.1,0.7,2.6,13.7,15.5,0.3,0.0,0.4,.132,1.6,-2.0,-0.4,0.1
Kevon Looney,C,24,GSW,21,308,13.9,.656,.094,.245,11.1,18.3,14.8,16.0,1.1,1.7,19.3,10.0,0.7,0.4,1.1,.166,-1.0,0.8,-0.2,0.1
Brook Lopez,C,32,MIL,28,760,13.4,.587,.540,.186,6.0,13.6,9.9,2.8,0.8,4.3,7.9,15.4,1.0,0.8,1.8,.112,0.0,-0.9,-0.9,0.2
Robin Lopez,C,32,WAS,26,505,15.0,.632,.088,.445,11.4,11.2,11.3,7.2,0.5,2.4,13.7,15.5,0.9,0.2,1.1,.108,-0.7,-2.0,-2.6,-0.1
Kevin Love,PF,32,CLE,2,46,11.2,.470,.500,.278,4.7,25.0,14.5,16.0,1.1,0.0,12.9,21.7,0.0,0.0,0.0,.007,-1.2,-0.8,-2.1,0.0
Kyle Lowry,PG,34,TOR,25,859,16.3,.601,.539,.264,2.4,15.5,8.7,28.1,1.6,0.5,16.4,21.9,1.5,0.7,2.2,.124,1.3,-0.8,0.5,0.6
Timothé Luwawu-Cabarrot,SF,25,BRK,30,590,9.8,.538,.637,.124,3.4,9.9,6.8,8.4,1.5,0.7,9.8,16.5,0.2,0.3,0.5,.042,-1.7,-1.6,-3.3,-0.2
Trey Lyles,PF,25,SAS,14,165,11.6,.575,.417,.417,4.3,23.2,13.5,5.6,0.0,0.0,0.0,11.1,0.3,0.1,0.4,.116,-0.5,-1.1,-1.6,0.0
Thon Maker,C,23,CLE,8,76,18.9,.657,.111,.611,11.3,15.1,13.1,7.8,1.3,4.8,11.6,14.6,0.2,0.1,0.3,.173,0.3,1.2,1.5,0.1
Théo Maledon,PG,19,OKC,23,538,8.2,.525,.563,.150,1.0,10.9,6.0,17.3,2.0,0.2,19.4,17.0,-0.4,0.6,0.1,.011,-4.7,-0.5,-5.1,-0.4
Karim Mané,PG,20,ORL,6,56,-0.7,.325,.222,.444,0.0,19.3,9.3,2.3,0.0,1.6,21.8,10.5,-0.1,0.0,-0.1,-0.085,-9.4,-2.0,-11.4,-0.1
Terance Mann,SG,24,LAC,27,407,11.2,.537,.255,.340,7.1,17.4,12.4,10.0,1.6,1.1,14.3,13.7,0.3,0.5,0.8,.094,-2.5,-0.1,-2.6,-0.1
Nico Mannion,PG,19,GSW,6,36,7.8,.305,.692,.308,0.0,22.8,11.6,43.0,2.6,0.0,11.9,19.7,-0.1,0.1,0.0,-0.010,-5.4,0.7,-4.7,0.0
Boban Marjanović,C,32,DAL,15,108,21.2,.544,.056,.241,20.2,30.7,25.4,1.6,0.0,0.0,4.8,25.5,0.2,0.1,0.3,.134,1.0,-5.2,-4.3,-0.1
Lauri Markkanen,PF,23,CHI,14,426,17.2,.654,.546,.243,2.1,19.7,11.1,4.3,1.0,1.0,10.5,22.8,0.6,0.4,1.0,.117,1.8,-1.4,0.3,0.3
Naji Marshall,SF,23,NOP,3,8,-0.4,.174,.500,1.000,0.0,27.8,13.9,14.3,0.0,0.0,0.0,15.3,0.0,0.0,0.0,-0.151,-7.0,-3.0,-10.0,0.0
Caleb Martin,SF,25,CHO,23,363,11.9,.496,.420,.210,5.5,13.4,9.4,11.3,2.7,1.9,11.0,17.1,0.0,0.4,0.4,.058,-1.6,0.0,-1.6,0.0
Cody Martin,SF,25,CHO,17,159,13.5,.601,.342,.263,6.6,16.4,11.4,13.9,2.1,0.0,17.5,13.7,0.2,0.2,0.3,.105,-1.0,0.2,-0.7,0.1
Kelan Martin,SF,25,IND,11,43,1.4,.389,.444,.000,2.6,25.3,14.1,0.0,2.2,0.0,18.2,22.2,-0.2,0.1,-0.1,-0.153,-8.6,-1.9,-10.5,-0.1
Kenyon Martin Jr.,SF,20,HOU,7,69,9.1,.394,.148,.185,12.1,17.1,14.6,8.6,1.4,6.2,14.6,21.1,-0.2,0.1,0.0,-0.027,-5.9,-0.6,-6.5,-0.1
Frank Mason III,G,26,ORL,4,79,7.6,.462,.208,.292,3.8,12.3,7.9,21.9,0.0,0.0,15.6,17.3,0.0,0.0,0.0,.000,-6.1,-3.1,-9.2,-0.1
Garrison Mathews,SG,24,WAS,20,322,13.9,.619,.800,.432,2.5,7.4,4.9,4.2,2.6,1.1,2.6,14.9,0.7,0.2,0.9,.136,-0.1,0.1,-0.1,0.2
Dakota Mathias,SG,25,PHI,8,123,9.8,.474,.542,.125,0.9,5.2,3.1,14.9,0.4,2.2,1.9,17.7,0.1,0.1,0.1,.052,-1.9,-1.7,-3.6,0.0
Wesley Matthews,SG,34,LAL,22,449,8.2,.580,.811,.167,2.1,5.3,3.7,7.1,1.1,1.5,7.6,10.1,0.4,0.6,1.0,.110,-1.8,0.2,-1.5,0.0
Tyrese Maxey,SG,20,PHI,28,472,13.4,.513,.239,.111,1.4,10.6,6.2,15.8,1.5,0.6,7.1,22.8,0.2,0.4,0.6,.066,-1.8,-0.9,-2.7,-0.1
Skylar Mays,SG,23,ATL,10,68,19.3,.605,.444,.370,4.8,7.8,6.3,16.0,1.4,0.0,3.1,20.3,0.2,0.0,0.3,.190,4.3,-0.5,3.8,0.1
CJ McCollum,SG,29,POR,13,440,26.4,.620,.550,.173,1.6,11.1,6.2,25.8,1.9,0.8,4.4,28.5,1.9,0.2,2.1,.230,7.7,-0.7,6.9,1.0
T.J. McConnell,PG,28,IND,26,623,15.2,.520,.115,.086,3.2,12.0,7.7,36.3,3.5,1.4,23.8,13.2,0.6,0.9,1.5,.117,-0.4,2.0,1.7,0.6
Jaden McDaniels,PF,20,MIN,23,431,8.0,.498,.534,.127,3.6,16.3,9.6,7.3,0.9,4.8,13.2,14.0,-0.2,0.4,0.1,.014,-4.5,-0.1,-4.6,-0.3
Jalen McDaniels,SF,23,CHO,10,108,7.2,.542,.273,.333,3.9,17.1,10.4,7.9,0.9,0.0,19.2,18.4,-0.1,0.1,0.0,-0.004,-5.0,-2.2,-7.2,-0.1
Doug McDermott,PF,29,IND,28,733,13.8,.607,.429,.156,4.3,12.8,8.6,7.7,0.5,0.2,9.1,19.6,0.9,0.4,1.4,.089,0.5,-2.2,-1.7,0.1
Sean McDermott,SF,24,MEM,6,92,7.6,.656,.733,.267,3.5,6.2,4.8,4.0,0.5,1.0,15.2,9.1,0.1,0.0,0.1,.059,-2.5,-2.2,-4.7,-0.1
JaVale McGee,C,33,CLE,20,313,16.5,.502,.119,.326,11.6,28.6,19.8,10.4,1.4,7.0,13.9,24.6,-0.2,0.5,0.3,.049,-2.7,0.5,-2.2,0.0
Rodney McGruder,SG,29,DET,8,64,11.1,.591,.368,.158,5.1,11.0,7.9,14.5,0.0,1.4,16.4,16.4,0.1,0.0,0.1,.056,-0.9,-1.7,-2.5,0.0
Alfonzo McKinnie,SF,28,LAL,14,44,22.7,.704,.313,.250,15.8,14.7,15.3,3.5,1.1,0.0,5.3,18.5,0.2,0.1,0.2,.254,4.6,-1.2,3.4,0.1
Jordan McLaughlin,PG,24,MIN,17,310,13.1,.459,.255,.096,3.0,10.6,6.6,35.5,2.6,0.8,17.0,16.0,0.1,0.2,0.3,.052,-1.5,-0.4,-1.9,0.0
Ben McLemore,SG,27,HOU,20,303,8.6,.517,.722,.157,2.4,12.7,7.5,9.3,1.9,0.3,14.6,20.2,-0.3,0.4,0.1,.012,-3.1,-0.9,-4.0,-0.2
Nicolò Melli,PF,30,NOP,13,137,5.8,.430,.786,.179,1.6,20.3,10.9,10.7,2.1,0.8,16.6,11.3,-0.1,0.1,0.0,.009,-4.8,1.0,-3.8,-0.1
De'Anthony Melton,PG,22,MEM,12,258,15.6,.580,.430,.080,1.7,14.1,7.7,21.2,2.0,4.3,14.1,19.8,0.2,0.3,0.5,.094,0.0,1.3,1.2,0.2
Sam Merrill,SG,24,MIL,9,55,12.5,.643,.800,.200,5.9,13.1,9.6,21.0,0.9,0.0,21.6,10.6,0.1,0.0,0.2,.140,1.1,-0.8,0.3,0.0
Chimezie Metu,C,23,SAC,11,71,20.3,.545,.100,.300,16.8,18.7,17.7,10.6,2.0,7.1,15.0,24.0,0.1,0.1,0.1,.089,-0.7,-0.5,-1.3,0.0
Khris Middleton,SF,29,MIL,28,924,20.1,.632,.376,.224,2.4,16.0,9.3,24.8,1.5,0.4,13.6,23.7,2.5,0.9,3.4,.177,3.5,-0.6,3.0,1.2
Darius Miller,SF,30,OKC,12,111,12.5,.671,.875,.125,0.9,13.0,7.0,12.5,2.1,3.1,16.5,11.8,0.1,0.2,0.3,.117,-0.9,2.4,1.5,0.1
Patty Mills,PG,32,SAS,27,687,14.7,.598,.618,.124,1.0,6.8,3.8,15.6,1.2,0.1,8.0,20.2,1.0,0.5,1.5,.106,1.6,-1.5,0.1,0.4
Paul Millsap,PF,35,DEN,26,621,17.0,.630,.413,.312,7.4,17.0,12.2,9.6,1.7,2.2,10.8,16.9,1.3,0.6,2.0,.152,1.6,-0.7,0.9,0.5
Shake Milton,SG,24,PHI,22,536,15.3,.562,.301,.335,2.5,5.9,4.3,18.6,1.4,0.7,11.0,24.3,0.7,0.4,1.2,.103,-0.7,-1.3,-2.0,0.0
Donovan Mitchell,SG,24,UTA,27,908,18.9,.559,.445,.261,3.2,10.3,6.9,25.3,1.3,0.9,12.0,31.4,1.6,1.1,2.7,.145,2.7,-1.0,1.7,0.8
Adam Mokoka,SG,22,CHI,7,42,5.4,.393,.571,.000,2.7,7.8,5.3,12.6,2.2,2.1,12.5,16.2,-0.1,0.0,0.0,-0.031,-5.8,-0.8,-6.6,0.0
Malik Monk,SG,22,CHO,15,316,13.0,.613,.550,.167,1.7,10.3,5.9,12.6,0.6,0.6,11.7,19.6,0.4,0.1,0.5,.080,0.6,-2.0,-1.4,0.0
E'Twaun Moore,SG,31,PHO,14,227,8.7,.490,.260,.110,2.5,7.2,4.9,13.6,2.4,0.4,14.5,17.7,-0.2,0.3,0.1,.023,-5.0,0.7,-4.3,-0.1
Ja Morant,PG,21,MEM,16,484,18.7,.544,.218,.361,2.7,8.7,5.6,41.6,1.4,0.8,15.6,28.7,0.6,0.3,0.9,.090,1.9,-2.9,-1.0,0.1
Juwan Morgan,PF,23,UTA,12,64,7.5,.524,.692,.231,5.2,15.8,10.8,6.2,2.3,0.0,12.3,10.9,0.0,0.1,0.1,.092,-4.1,1.7,-2.4,0.0
Marcus Morris,PF,31,LAC,21,524,15.0,.609,.502,.185,3.5,13.3,8.6,5.0,1.1,1.0,8.4,21.0,0.8,0.5,1.3,.116,1.0,-1.8,-0.8,0.2
Markieff Morris,PF,31,LAL,23,353,8.9,.520,.667,.194,4.6,20.2,12.7,7.4,0.5,1.5,10.6,13.9,0.1,0.6,0.7,.093,-2.2,-0.3,-2.6,0.0
Monte Morris,PG,25,DEN,27,701,14.9,.583,.380,.205,1.1,8.1,4.6,17.8,1.3,1.0,6.4,16.5,1.4,0.4,1.8,.123,1.1,-1.4,-0.3,0.3
Mychal Mulder,PG,26,GSW,28,303,11.2,.670,.857,.131,0.4,8.5,4.5,5.5,0.9,1.7,5.3,13.1,0.4,0.3,0.7,.109,-0.9,-0.4,-1.4,0.1
Dejounte Murray,PG,24,SAS,27,821,16.4,.512,.238,.155,2.1,22.9,12.2,25.0,2.4,0.2,10.1,23.2,0.2,1.3,1.5,.087,-0.7,1.0,0.3,0.5
Jamal Murray,PG,23,DEN,26,908,15.8,.557,.399,.215,2.4,11.6,7.0,19.3,1.6,0.7,11.5,24.5,1.0,0.7,1.7,.089,1.2,-1.7,-0.6,0.3
Mike Muscala,C,29,OKC,26,495,14.6,.606,.692,.162,3.0,17.0,10.1,7.3,0.7,1.2,7.4,20.0,0.6,0.5,1.1,.105,0.8,-1.4,-0.6,0.2
Sviatoslav Mykhailiuk,SF,23,DET,27,417,11.6,.536,.767,.160,1.8,12.1,6.7,12.2,2.0,1.1,10.1,18.5,0.1,0.4,0.5,.056,-0.4,-0.4,-0.9,0.1
Abdel Nader,SF,27,PHO,12,172,14.8,.615,.403,.290,0.0,18.3,9.3,9.5,1.4,0.5,10.3,20.3,0.2,0.2,0.4,.112,-0.2,1.0,0.8,0.1
Larry Nance Jr.,PF,28,CLE,19,635,13.2,.571,.434,.145,4.6,18.4,11.3,13.7,2.9,1.4,15.4,12.3,0.4,0.7,1.2,.088,-1.0,2.0,1.0,0.5
Aaron Nesmith,SF,21,BOS,13,191,4.4,.489,.809,.149,4.0,13.8,8.8,4.8,0.0,1.9,15.2,13.2,-0.1,0.1,0.0,.004,-4.6,-1.5,-6.1,-0.2
Raul Neto,PG,28,WAS,21,396,13.6,.564,.404,.142,2.6,10.1,6.2,12.9,2.5,0.4,8.0,17.0,0.4,0.3,0.7,.080,-1.1,-0.2,-1.3,0.1
Georges Niang,PF,27,UTA,29,381,8.3,.510,.684,.037,2.9,14.4,8.9,8.1,1.4,0.6,12.1,17.7,-0.1,0.5,0.5,.059,-3.3,0.2,-3.1,-0.1
Zeke Nnaji,PF,20,DEN,15,112,12.5,.652,.625,.125,5.0,8.1,6.6,0.0,0.4,0.9,0.0,13.1,0.2,0.0,0.3,.117,1.0,-3.1,-2.1,0.0
Nerlens Noel,C,26,NYK,25,475,14.3,.570,.026,.282,9.4,19.7,14.7,3.6,2.4,9.9,20.8,10.3,0.1,1.2,1.3,.131,-3.2,3.7,0.5,0.3
Jaylen Nowell,SG,21,MIN,15,236,15.3,.565,.414,.241,3.5,8.7,5.9,9.7,1.2,1.4,6.6,24.5,0.3,0.1,0.4,.076,-0.2,-1.8,-2.0,0.0
Frank Ntilikina,PG,22,NYK,4,42,12.4,.587,.643,.214,2.5,7.4,5.0,10.8,3.6,0.0,11.5,18.2,0.0,0.1,0.1,.113,-1.7,3.0,1.2,0.0
Kendrick Nunn,PG,25,MIA,20,567,12.3,.577,.482,.106,1.9,10.3,6.3,13.2,1.9,0.7,14.8,21.8,-0.1,0.6,0.4,.037,-1.5,-0.3,-1.7,0.0
Jusuf Nurkić,C,26,POR,12,280,16.1,.514,.117,.262,8.4,27.5,17.5,17.5,1.9,3.7,16.7,21.1,0.1,0.3,0.4,.065,-2.6,0.0,-2.6,0.0
David Nwaba,SF,28,HOU,24,560,13.4,.553,.315,.298,5.4,11.3,8.3,6.9,2.2,2.8,7.3,15.6,0.5,0.8,1.3,.114,-2.0,1.1,-0.8,0.2
Jordan Nwora,SF,22,MIL,10,82,12.9,.616,.432,.270,1.3,17.6,9.7,0.0,2.3,2.2,19.5,26.3,-0.1,0.1,0.0,.023,-3.6,-1.9,-5.4,-0.1
Royce O'Neale,SF,27,UTA,29,944,10.5,.635,.704,.154,3.9,17.8,11.2,9.1,1.2,1.6,15.5,9.7,1.2,1.5,2.7,.135,-1.1,1.7,0.6,0.6
Semi Ojeleye,PF,26,BOS,27,530,9.2,.568,.703,.195,3.5,14.7,8.9,5.8,0.7,0.0,7.9,12.2,0.5,0.4,0.9,.080,-0.9,-1.1,-2.0,0.0
Jahlil Okafor,C,25,DET,12,120,15.6,.595,.071,.048,11.7,13.6,12.6,4.3,0.8,1.5,8.5,16.9,0.2,0.1,0.2,.099,-0.6,-2.5,-3.1,0.0
Chuma Okeke,PF,22,ORL,13,282,9.4,.462,.500,.103,5.7,10.7,8.1,13.1,1.9,1.3,12.9,10.5,0.0,0.3,0.3,.055,-2.6,0.2,-2.4,0.0
Josh Okogie,SG,22,MIN,23,467,7.7,.454,.418,.345,4.8,9.0,6.8,7.6,1.9,2.5,11.8,12.9,-0.2,0.3,0.1,.015,-4.7,-0.3,-5.0,-0.4
Onyeka Okongwu,C,20,ATL,9,93,12.2,.556,.000,.632,7.0,21.8,14.5,6.0,2.1,5.6,17.1,13.4,0.0,0.1,0.2,.090,-4.3,2.0,-2.3,0.0
Isaac Okoro,SG,20,CLE,24,792,5.6,.470,.376,.271,2.8,5.2,4.0,7.8,1.7,1.1,14.8,12.1,-0.5,0.4,-0.1,-0.007,-5.2,-0.6,-5.8,-0.7
KZ Okpala,PF,21,MIA,14,168,3.2,.490,.613,.194,2.8,10.1,6.7,5.0,0.9,1.2,19.2,11.0,-0.2,0.1,0.0,-0.013,-6.2,-1.3,-7.6,-0.2
Victor Oladipo,SG,28,TOT,20,640,14.5,.501,.418,.209,0.7,16.9,8.8,23.2,2.0,1.1,10.4,28.5,-0.4,0.9,0.5,.037,-0.2,-0.5,-0.7,0.2
Victor Oladipo,SG,28,IND,9,300,16.0,.535,.454,.243,0.4,18.1,9.4,19.2,2.4,0.6,9.7,27.0,0.1,0.4,0.5,.073,1.5,-0.8,0.6,0.2
Victor Oladipo,SG,28,HOU,11,340,13.2,.475,.391,.183,0.9,15.7,8.3,26.7,1.7,1.5,10.9,29.9,-0.4,0.5,0.0,.005,-1.7,-0.2,-1.9,0.0
Kelly Olynyk,C,29,MIA,27,703,12.0,.558,.725,.092,4.6,19.5,12.5,11.8,1.5,2.6,12.8,17.3,0.1,1.0,1.1,.074,-0.8,0.4,-0.4,0.3
Miye Oni,SG,23,UTA,23,185,6.0,.505,.839,.194,7.2,15.9,11.7,4.1,0.8,1.7,17.2,9.4,0.0,0.3,0.3,.079,-4.1,0.5,-3.6,-0.1
Cedi Osman,SF,25,CLE,29,766,11.2,.499,.559,.133,2.8,11.5,7.0,14.8,1.6,0.4,8.3,20.4,0.2,0.4,0.6,.035,-0.9,-1.0,-1.9,0.0
Daniel Oturu,C,21,LAC,10,42,21.6,.630,.067,.133,13.8,23.4,18.7,14.5,0.0,6.4,11.2,18.8,0.1,0.1,0.2,.213,0.2,0.3,0.5,0.0
Kelly Oubre Jr.,SF,25,GSW,29,853,12.4,.510,.421,.226,5.1,15.6,10.5,7.1,1.7,2.4,9.0,22.1,-0.3,1.2,0.9,.051,-2.5,-0.3,-2.8,-0.2
Eric Paschall,PF,24,GSW,26,459,15.0,.571,.179,.313,5.3,14.5,10.0,11.3,0.5,0.6,8.0,23.0,0.5,0.4,0.9,.099,-0.6,-1.8,-2.5,-0.1
Anžejs Pasečņiks,C,25,WAS,1,6,-40.9,.000,1.000,.000,16.9,0.0,8.7,19.5,0.0,0.0,83.3,41.3,-0.1,0.0,-0.1,-1.128,-40.1,-7.1,-47.1,-0.1
Patrick Patterson,PF,31,LAC,10,130,8.4,.566,.737,.105,3.6,13.4,8.6,5.1,1.1,0.7,15.0,15.9,0.0,0.1,0.1,.042,-2.0,-1.2,-3.1,0.0
Chris Paul,PG,35,PHO,26,843,20.4,.589,.296,.204,2.0,13.8,8.0,38.9,1.9,0.7,13.9,23.4,2.2,1.1,3.2,.183,2.7,1.2,3.9,1.3
Cameron Payne,PG,26,PHO,16,275,13.5,.570,.427,.101,0.8,11.0,6.0,30.0,1.6,1.0,17.0,18.3,0.3,0.3,0.6,.111,-0.7,0.9,0.2,0.2
Elfrid Payton,PG,26,NYK,30,831,11.9,.484,.158,.161,4.9,9.5,7.3,20.9,1.1,0.7,13.1,23.2,-0.4,0.9,0.5,.028,-2.3,-1.1,-3.4,-0.3
Norvel Pelle,F-C,27,BRK,3,28,2.1,.429,.000,.000,12.8,15.1,14.0,0.0,0.0,8.8,30.0,15.4,-0.1,0.0,0.0,-0.074,-9.8,0.1,-9.7,-0.1
Reggie Perry,PF,20,BRK,14,147,9.7,.455,.235,.176,13.8,24.5,19.5,10.7,0.6,2.8,16.7,19.4,-0.1,0.1,0.1,.017,-5.2,-1.6,-6.8,-0.2
Theo Pinson,SG,25,NYK,9,21,-9.7,.143,.857,.000,0.0,4.9,2.5,0.0,0.0,0.0,0.0,14.7,-0.1,0.0,-0.1,-0.223,-13.7,-3.7,-17.4,-0.1
Mason Plumlee,C,30,DET,26,726,17.2,.622,.027,.372,11.7,24.3,17.8,19.3,1.6,2.2,19.9,15.8,1.3,0.9,2.1,.142,-0.3,1.2,0.9,0.5
Jakob Poeltl,C,25,SAS,27,600,16.5,.582,.000,.290,13.6,19.1,16.3,10.5,1.3,5.8,17.3,12.8,0.8,1.0,1.8,.140,-1.0,0.8,-0.2,0.3
Vincent Poirier,C,27,PHI,4,18,10.4,.420,.000,1.333,12.6,11.8,12.2,6.9,0.0,9.9,17.4,13.5,0.0,0.0,0.0,.038,-4.0,0.1,-3.8,0.0
Aleksej Pokusevski,PF,19,OKC,17,296,2.4,.301,.602,.000,1.8,19.1,10.6,9.6,1.3,5.6,19.1,16.8,-1.2,0.4,-0.8,-0.127,-7.5,0.3,-7.2,-0.4
Jordan Poole,SG,21,GSW,15,143,14.6,.598,.639,.311,1.5,11.5,6.6,13.4,1.0,1.2,10.3,22.9,0.2,0.1,0.3,.108,0.2,-0.8,-0.6,0.1
Michael Porter Jr.,SF,22,DEN,18,486,17.3,.594,.526,.155,4.9,20.8,12.8,5.7,1.9,4.2,8.4,20.2,0.7,0.7,1.3,.129,1.7,-0.8,0.9,0.3
Otto Porter,SF,27,CHI,16,372,16.5,.582,.486,.250,6.1,23.5,14.9,12.2,1.1,0.7,8.6,20.0,0.6,0.4,1.0,.131,1.5,-1.1,0.3,0.2
Bobby Portis,C,25,MIL,28,610,20.9,.622,.246,.111,9.8,25.2,17.7,7.2,1.9,1.6,7.4,19.6,1.5,0.9,2.4,.189,2.6,-0.5,2.1,0.6
Kristaps Porziņģis,C,25,DAL,17,509,21.2,.576,.387,.197,7.5,22.8,15.1,7.4,0.6,5.0,6.5,27.9,0.9,0.5,1.3,.123,2.0,-1.3,0.7,0.3
Dwight Powell,C,29,DAL,17,277,12.7,.599,.149,.957,7.9,16.3,12.1,7.6,2.3,2.1,14.1,12.3,0.4,0.3,0.7,.118,-2.6,1.0,-1.6,0.0
Norman Powell,SG,27,TOR,26,735,15.3,.609,.451,.289,1.6,10.0,5.6,8.0,1.8,0.6,9.6,22.3,1.0,0.5,1.6,.103,0.0,-0.8,-0.8,0.2
Taurean Prince,PF,26,TOT,27,592,11.7,.541,.490,.273,2.2,16.2,9.2,11.1,1.6,2.8,12.5,18.1,0.1,0.5,0.6,.053,-1.4,-0.4,-1.8,0.0
Taurean Prince,PF,26,BRK,12,218,11.7,.565,.500,.365,1.1,15.5,8.8,4.2,1.7,3.0,11.4,19.2,0.0,0.2,0.2,.054,-2.7,-0.2,-2.9,0.0
Taurean Prince,PF,26,CLE,15,374,11.7,.525,.483,.217,2.9,16.6,9.5,15.2,1.4,2.7,13.2,17.4,0.1,0.3,0.4,.052,-0.6,-0.5,-1.1,0.1
Payton Pritchard,SG,23,BOS,22,472,11.9,.608,.561,.094,2.5,10.4,6.4,15.9,1.3,1.0,16.2,15.7,0.5,0.4,0.9,.092,-0.9,-0.5,-1.4,0.1
Immanuel Quickley,PG,21,NYK,26,505,18.4,.553,.469,.313,2.1,10.4,6.3,22.6,1.1,1.8,7.6,27.6,1.0,0.6,1.6,.151,2.6,-0.2,2.4,0.6
Jahmi'us Ramsey,SG,19,SAC,4,16,11.5,.625,.750,.000,0.0,27.7,13.7,8.3,0.0,5.3,20.0,13.3,0.0,0.0,0.0,.020,-2.0,-1.9,-3.9,0.0
Chasson Randle,G,27,ORL,1,19,1.3,.250,.500,.000,0.0,11.4,5.5,34.8,0.0,0.0,20.0,11.2,0.0,0.0,0.0,-0.052,-11.8,-1.6,-13.3,-0.1
Julius Randle,PF,26,NYK,30,1101,20.7,.589,.267,.379,4.0,26.6,15.5,25.8,1.0,0.5,14.2,27.6,1.9,1.7,3.6,.159,3.3,0.8,4.2,1.7
Cam Reddish,SF,21,ATL,24,692,9.3,.498,.483,.318,3.0,11.7,7.4,7.1,1.9,1.0,10.4,18.9,-0.2,0.6,0.4,.028,-3.0,-0.4,-3.5,-0.3
J.J. Redick,SG,36,NOP,25,456,10.1,.558,.701,.216,0.7,8.5,4.6,8.3,0.9,0.5,9.9,18.9,0.4,0.0,0.4,.045,-1.4,-2.0,-3.4,-0.2
Paul Reed,PF,21,PHI,5,55,8.6,.409,.136,.000,14.4,5.8,10.0,7.8,0.9,6.5,18.5,20.7,-0.1,0.1,-0.1,-0.050,-6.1,-2.0,-8.1,-0.1
Naz Reid,C,21,MIN,27,581,18.9,.607,.292,.252,6.3,18.7,12.2,10.1,1.5,4.7,10.0,22.3,0.9,0.6,1.5,.126,0.1,0.1,0.2,0.3
Nick Richards,PF,23,CHO,8,23,13.3,.637,.000,1.000,9.1,18.9,13.9,0.0,0.0,0.0,10.4,17.8,0.1,0.0,0.1,.143,-3.3,-2.4,-5.7,0.0
Josh Richardson,SG,27,DAL,19,601,11.0,.549,.500,.230,3.5,6.6,5.0,12.0,1.3,0.6,10.8,17.6,0.5,0.2,0.6,.050,-1.7,-1.6,-3.2,-0.2
Austin Rivers,SG,28,NYK,21,442,9.7,.545,.570,.104,1.2,9.8,5.6,14.1,1.4,0.0,13.5,16.3,0.1,0.5,0.6,.060,-2.3,-0.7,-3.0,-0.1
Duncan Robinson,SF,26,MIA,28,931,8.8,.607,.860,.151,0.1,12.0,6.4,6.9,0.6,0.8,12.4,15.8,0.2,0.7,0.9,.046,-1.3,-1.5,-2.7,-0.2
Glenn Robinson III,SF,27,SAC,22,346,9.2,.567,.462,.247,2.2,9.3,5.7,7.6,0.4,0.7,8.8,13.9,0.3,-0.1,0.2,.030,-1.6,-2.8,-4.4,-0.2
Jerome Robinson,SG,23,WAS,13,221,6.0,.456,.463,.254,0.9,15.2,7.8,10.8,1.3,0.8,12.9,16.0,-0.2,0.1,-0.1,-0.022,-5.3,-1.7,-7.1,-0.3
Mitchell Robinson,C,22,NYK,27,778,17.5,.647,.000,.295,13.3,17.1,15.2,2.7,2.1,5.2,11.1,11.3,1.5,1.5,3.0,.185,-0.4,1.2,0.8,0.6
Isaiah Roby,PF,22,OKC,22,445,16.2,.605,.255,.307,8.5,18.0,13.3,11.7,1.6,2.7,12.9,17.4,0.7,0.6,1.3,.136,-1.3,0.5,-0.8,0.1
Rajon Rondo,PG,34,ATL,14,214,8.9,.421,.473,.036,2.0,13.9,8.1,34.6,2.0,0.4,25.4,14.9,-0.2,0.2,0.0,.007,-3.2,-0.3,-3.5,-0.1
Derrick Rose,PG,32,TOT,20,445,17.3,.514,.205,.269,1.7,9.1,5.3,31.9,2.5,1.5,12.4,29.2,0.1,0.5,0.5,.059,0.8,-0.4,0.4,0.3
Derrick Rose,PG,32,DET,15,342,17.4,.517,.212,.272,1.9,7.9,4.8,33.2,2.6,1.1,12.3,29.7,0.1,0.3,0.4,.056,1.2,-0.8,0.4,0.2
Derrick Rose,G,32,NYK,5,103,17.0,.503,.180,.260,1.0,13.0,7.1,27.5,2.4,2.9,12.6,27.3,0.0,0.2,0.2,.071,-0.5,0.8,0.4,0.1
Terrence Ross,SG,29,ORL,28,806,12.6,.530,.427,.199,1.0,11.0,5.8,12.0,1.6,1.7,11.2,24.1,-0.1,0.8,0.6,.037,-1.4,-1.0,-2.4,-0.1
Terry Rozier,SG,26,CHO,26,867,18.3,.625,.505,.184,1.8,11.4,6.5,14.6,1.8,1.4,9.5,23.2,1.6,0.8,2.4,.133,3.2,-0.6,2.6,1.0
Ricky Rubio,PG,30,MIN,27,679,11.2,.475,.320,.293,1.7,13.4,7.2,35.1,2.4,0.0,21.5,16.1,0.0,0.5,0.5,.038,-3.7,-0.7,-4.4,-0.4
D'Angelo Russell,PG,24,MIN,20,583,16.4,.544,.454,.196,1.6,8.4,4.8,28.9,1.8,1.4,13.2,29.4,0.2,0.3,0.5,.040,2.3,-1.8,0.4,0.4
Domantas Sabonis,PF,24,IND,29,1055,20.7,.595,.180,.376,8.6,26.4,17.6,24.3,1.3,1.6,15.8,25.6,1.9,1.4,3.3,.151,2.7,0.8,3.4,1.4
Luka Šamanić,PF,21,SAS,4,11,9.9,.509,.500,.333,0.0,0.0,0.0,0.0,0.0,0.0,0.0,26.8,0.0,0.0,0.0,-0.004,2.9,-5.9,-3.0,0.0
JaKarr Sampson,PF,27,IND,13,78,12.1,.510,.120,.400,10.0,26.5,18.4,0.0,0.6,3.3,9.3,18.0,0.0,0.1,0.1,.073,-3.6,-1.8,-5.4,-0.1
Dario Šarić,PF,26,PHO,10,181,16.7,.574,.438,.300,4.4,19.8,12.3,10.1,2.7,1.0,13.4,25.9,0.1,0.3,0.4,.105,-1.0,0.4,-0.5,0.1
Tomáš Satoranský,SG,29,CHI,16,320,14.3,.620,.342,.288,1.8,13.0,7.5,32.0,1.5,0.8,22.6,14.1,0.6,0.3,0.9,.128,-0.2,0.4,0.1,0.2
Dennis Schröder,SG,27,LAL,29,902,12.6,.541,.270,.333,2.2,10.5,6.5,19.7,1.5,0.6,14.5,21.5,0.5,1.4,1.8,.097,-1.8,-0.3,-2.1,0.0
Mike Scott,PF,32,PHI,11,193,3.9,.456,.792,.063,2.4,13.7,8.2,0.7,0.7,0.9,9.2,11.9,-0.2,0.2,0.0,.002,-4.6,-1.9,-6.6,-0.2
Collin Sexton,SG,22,CLE,24,847,17.3,.574,.206,.319,2.3,5.8,4.0,21.1,1.5,0.4,11.0,27.1,1.2,0.3,1.5,.085,1.6,-1.5,0.1,0.4
Landry Shamet,SG,23,BRK,26,494,9.1,.544,.728,.204,1.2,7.5,4.5,9.1,1.2,0.7,10.6,17.3,0.2,0.2,0.3,.031,-2.4,-1.6,-4.0,-0.3
Pascal Siakam,PF,26,TOR,25,895,17.6,.541,.248,.305,6.6,17.8,12.0,20.1,1.6,1.7,10.5,25.4,1.2,0.9,2.1,.113,0.5,-0.8,-0.2,0.4
Chris Silva,PF,24,MIA,6,53,16.2,.805,.111,1.333,15.7,22.1,19.1,16.7,0.9,3.9,35.9,18.7,0.1,0.1,0.2,.172,-3.2,1.1,-2.0,0.0
Ben Simmons,PG,24,PHI,25,835,19.9,.599,.023,.508,5.4,21.2,13.6,35.0,2.4,2.1,20.9,20.3,1.5,1.3,2.8,.163,1.6,2.6,4.2,1.3
Anfernee Simons,SG,21,POR,25,447,12.7,.582,.712,.125,1.4,13.0,6.9,10.2,0.7,1.0,9.8,20.6,0.5,0.1,0.6,.065,0.7,-2.3,-1.6,0.0
Deividas Sirvydis,SG,20,DET,4,5,-9.8,.000,1.000,.000,0.0,0.0,0.0,25.5,0.0,0.0,0.0,17.3,0.0,0.0,0.0,-0.344,-13.5,-7.9,-21.4,0.0
Marcus Smart,PG,26,BOS,17,549,14.6,.516,.479,.330,1.4,8.3,4.8,26.4,2.8,1.5,12.2,19.1,0.6,0.6,1.2,.106,0.0,0.2,0.3,0.3
Dennis Smith Jr.,PG,23,TOT,7,85,8.5,.428,.364,.303,2.5,7.9,5.2,19.8,1.8,1.1,11.8,21.7,-0.1,0.1,0.0,-0.024,-4.5,-0.8,-5.4,-0.1
Dennis Smith Jr.,PG,23,NYK,3,28,7.0,.356,.400,.600,0.0,7.4,3.7,14.6,5.4,0.0,7.3,21.5,-0.1,0.1,0.0,-0.014,-8.2,3.9,-4.3,0.0
Dennis Smith Jr.,G,23,DET,4,57,9.3,.464,.348,.174,3.8,8.2,5.9,22.4,0.0,1.6,13.9,21.8,0.0,0.0,0.0,-0.028,-2.7,-3.2,-5.9,-0.1
Ish Smith,PG,32,WAS,19,391,10.6,.404,.172,.129,2.6,15.5,8.8,31.1,1.8,0.9,13.4,15.0,-0.1,0.3,0.1,.018,-2.2,-0.3,-2.5,0.0
Jalen Smith,PF,20,PHO,8,50,7.7,.391,.412,.118,11.3,10.8,11.1,5.5,0.0,3.5,5.3,16.9,0.0,0.0,0.0,.001,-2.0,-1.9,-3.9,0.0
Tony Snell,SG,29,ATL,15,193,7.3,.575,.725,.000,3.4,9.9,6.7,9.9,0.3,0.9,13.0,10.2,0.1,0.1,0.2,.052,-1.5,-0.8,-2.3,0.0
Ray Spalding,F,23,HOU,2,19,0.9,.410,.250,.500,11.0,11.3,11.1,0.0,0.0,9.1,38.1,17.7,-0.1,0.0,-0.1,-0.152,-8.9,-1.4,-10.4,0.0
Cassius Stanley,SG,21,IND,8,23,6.9,.489,.286,.714,9.7,4.7,7.2,0.0,0.0,7.5,9.8,19.2,0.0,0.0,0.0,.042,-6.3,-1.6,-7.9,0.0
Lamar Stevens,PF,23,CLE,18,265,9.2,.461,.195,.351,2.8,16.9,9.6,10.3,1.5,1.7,8.3,15.7,-0.1,0.2,0.1,.024,-4.1,-0.2,-4.3,-0.2
Isaiah Stewart,C,19,DET,26,466,14.1,.556,.037,.275,14.8,19.1,16.8,5.5,1.4,4.7,14.1,13.2,0.6,0.6,1.1,.115,-2.7,-0.1,-2.9,-0.1
Max Strus,SF,24,MIA,16,235,13.8,.699,.810,.114,0.5,7.3,4.1,5.5,0.4,0.0,3.5,16.3,0.5,0.1,0.6,.123,2.0,-1.3,0.7,0.2
Edmond Sumner,SG,25,IND,16,150,11.4,.572,.333,.292,4.5,10.9,7.7,7.5,2.6,0.6,15.6,18.6,0.0,0.2,0.2,.053,-3.4,0.3,-3.1,0.0
Jae'Sean Tate,SF,25,HOU,28,763,13.4,.615,.284,.225,6.3,13.5,9.9,9.8,1.5,1.9,12.8,14.4,1.0,1.0,2.0,.126,-1.7,0.7,-1.0,0.2
Jayson Tatum,SF,22,BOS,23,810,21.4,.561,.338,.238,1.7,20.9,11.1,23.0,1.7,1.0,9.6,30.9,1.4,1.0,2.4,.142,4.6,0.0,4.6,1.4
Jeff Teague,PG,32,BOS,23,397,8.2,.443,.292,.231,1.9,8.6,5.2,15.7,2.6,0.7,14.9,18.1,-0.4,0.4,0.0,.004,-4.2,-0.3,-4.5,-0.2
Garrett Temple,SG,34,CHI,26,715,9.6,.551,.563,.137,2.1,10.2,6.2,9.4,1.8,1.6,11.4,14.0,0.3,0.7,0.9,.063,-2.7,0.1,-2.6,-0.1
Tyrell Terry,PG,20,DAL,11,56,6.0,.318,.438,.188,0.0,11.8,5.9,14.2,4.3,0.0,10.4,15.1,-0.1,0.1,-0.1,-0.067,-7.7,2.2,-5.5,-0.1
Daniel Theis,C,28,BOS,26,623,15.5,.653,.345,.244,5.9,18.2,11.9,8.4,1.2,3.9,12.7,14.6,1.1,0.7,1.9,.145,-0.2,0.7,0.5,0.4
Brodric Thomas,SG,24,HOU,4,24,7.4,.496,.857,1.000,4.4,13.4,8.8,22.7,2.0,3.6,28.4,25.0,-0.1,0.0,0.0,-0.031,-6.9,-0.5,-7.3,0.0
Matt Thomas,SG,26,TOR,14,84,10.5,.588,.750,.143,1.3,10.9,5.9,10.1,1.1,0.0,11.8,17.1,0.1,0.0,0.1,.063,-1.1,-1.7,-2.8,0.0
Tristan Thompson,PF,29,BOS,26,586,13.6,.533,.014,.370,14.1,27.3,20.5,5.0,0.7,1.4,12.4,14.1,0.6,0.7,1.3,.107,-1.5,-1.6,-3.1,-0.2
Sindarius Thornwell,SG,26,NOP,10,51,8.7,.505,.500,.167,2.2,4.4,3.3,5.0,3.8,0.0,7.2,11.6,0.0,0.0,0.0,.040,-3.8,1.6,-2.2,0.0
Matisse Thybulle,SG,23,PHI,26,461,9.1,.481,.627,.145,2.0,6.0,4.0,5.5,4.2,4.2,8.3,8.8,0.0,0.8,0.8,.087,-3.2,4.2,1.0,0.4
Xavier Tillman Sr.,PF,22,MEM,19,402,15.0,.599,.202,.134,6.9,16.6,11.7,10.7,2.3,2.7,11.9,15.1,0.5,0.5,1.0,.120,-1.5,0.7,-0.8,0.1
Obi Toppin,PF,22,NYK,20,240,12.7,.561,.446,.120,2.2,18.4,10.5,5.9,0.8,3.7,10.3,17.9,0.1,0.4,0.4,.083,-1.5,0.4,-1.1,0.1
Juan Toscano-Anderson,SG,27,GSW,16,349,12.4,.647,.347,.187,3.7,18.8,11.4,14.0,1.2,2.8,17.3,11.9,0.4,0.5,0.9,.124,-1.6,1.0,-0.6,0.1
Karl-Anthony Towns,C,25,MIN,9,298,23.9,.633,.309,.316,9.6,25.5,17.1,16.6,1.4,4.7,13.9,25.4,0.7,0.4,1.1,.173,3.4,0.9,4.3,0.5
Gary Trent Jr.,SG,22,POR,26,785,14.0,.585,.578,.114,1.7,6.0,3.7,6.8,1.2,0.5,4.7,19.5,1.3,0.1,1.4,.084,1.1,-2.3,-1.2,0.2
P.J. Tucker,PF,35,HOU,26,780,5.5,.511,.652,.152,3.5,12.9,8.1,6.0,1.3,1.5,18.4,8.0,-0.1,0.9,0.8,.051,-4.9,0.4,-4.5,-0.5
Myles Turner,C,24,IND,27,842,17.0,.615,.474,.336,4.5,18.5,11.6,4.4,1.7,9.6,11.3,16.9,0.9,1.6,2.4,.140,-0.7,2.2,1.4,0.7
Jonas Valančiūnas,C,28,MEM,19,522,22.1,.639,.099,.363,12.5,31.3,21.6,11.6,1.1,2.6,14.3,23.3,1.2,0.7,1.8,.169,1.5,-0.4,1.0,0.4
Denzel Valentine,SG,27,CHI,23,462,11.8,.511,.606,.032,2.0,19.4,10.8,12.4,1.7,0.2,6.4,18.7,0.1,0.5,0.6,.062,-0.9,-0.8,-1.7,0.0
Jarred Vanderbilt,PF,21,MIN,27,517,16.7,.602,.018,.451,9.9,24.6,16.8,12.9,2.8,2.9,15.6,13.1,0.7,0.7,1.5,.135,-1.4,1.3,-0.1,0.3
Fred VanVleet,SG,26,TOR,28,1020,18.3,.560,.525,.219,2.1,11.0,6.4,27.9,2.3,1.9,10.2,23.7,2.0,1.0,3.0,.140,2.9,-0.1,2.8,1.2
Devin Vassell,SF,20,SAS,26,451,12.5,.529,.500,.167,3.6,15.8,9.5,8.2,3.1,1.7,8.1,14.0,0.2,0.7,0.9,.100,-1.7,1.9,0.2,0.3
Gabe Vincent,PG,24,MIA,18,292,5.5,.462,.612,.147,1.6,6.6,4.2,14.2,1.2,0.4,12.7,21.6,-0.5,0.2,-0.3,-0.044,-5.9,-1.9,-7.8,-0.4
Noah Vonleh,F,25,BRK,3,8,-20.9,.000,.500,.000,0.0,13.2,7.0,13.8,0.0,0.0,50.0,21.6,-0.1,0.0,-0.1,-0.536,-24.1,-9.2,-33.3,-0.1
Nikola Vučević,C,30,ORL,29,974,23.4,.564,.318,.134,6.1,30.6,17.9,19.3,1.6,1.5,7.5,28.5,1.7,1.4,3.2,.155,5.6,0.0,5.5,1.9
Dean Wade,PF,24,CLE,23,192,6.1,.479,.673,.102,4.5,12.6,8.4,7.2,1.3,0.9,16.3,13.7,-0.1,0.1,0.0,-0.010,-4.1,-1.3,-5.4,-0.2
Moritz Wagner,C,23,WAS,14,191,15.4,.662,.333,.463,3.2,21.0,11.8,9.9,2.2,1.8,11.0,15.8,0.3,0.2,0.6,.138,-1.3,0.9,-0.4,0.1
Kemba Walker,PG,30,BOS,13,364,14.2,.500,.487,.210,2.1,12.9,7.3,22.0,1.9,0.5,12.0,28.4,0.0,0.3,0.3,.043,0.7,-0.9,-0.3,0.2
Lonnie Walker,SG,22,SAS,25,666,8.6,.509,.442,.141,0.8,10.9,5.7,8.8,0.9,1.1,9.0,18.7,-0.3,0.6,0.2,.018,-2.9,-1.7,-4.6,-0.4
John Wall,PG,30,HOU,19,591,17.3,.539,.347,.281,1.8,10.9,6.3,34.7,1.5,1.9,15.5,30.7,0.0,0.7,0.7,.061,1.9,-1.0,0.9,0.4
Brad Wanamaker,PG,31,GSW,29,465,9.2,.467,.388,.371,1.4,10.1,5.8,21.4,2.3,0.8,15.1,14.5,0.0,0.6,0.6,.059,-4.4,0.8,-3.7,-0.2
T.J. Warren,SF,27,IND,4,117,12.0,.560,.137,.196,1.9,11.1,6.6,6.7,0.8,0.0,6.7,22.0,0.1,0.1,0.1,.054,-3.0,-2.5,-5.5,-0.1
P.J. Washington,PF,22,CHO,24,691,12.8,.516,.342,.281,6.1,18.4,12.1,14.9,1.5,4.5,15.9,19.0,0.0,0.9,0.9,.061,-1.9,0.5,-1.4,0.1
Yuta Watanabe,SF,26,TOR,18,223,11.1,.514,.549,.157,7.7,22.1,14.6,4.1,1.9,5.0,12.8,12.0,0.1,0.3,0.4,.085,-2.0,0.0,-2.0,0.0
Tremont Waters,PG,23,BOS,9,90,5.4,.360,.444,.296,2.4,7.6,5.0,35.7,2.7,0.0,29.9,20.7,-0.3,0.1,-0.2,-0.090,-4.9,-2.1,-7.0,-0.1
Paul Watson,SF,26,TOR,13,42,23.0,.929,.786,.000,2.5,21.8,11.8,7.6,0.0,4.9,6.7,15.2,0.2,0.0,0.2,.244,7.2,1.6,8.8,0.1
Quinndary Weatherspoon,SG,24,SAS,5,24,-10.2,.340,.200,.400,0.0,8.9,4.3,15.2,2.0,0.0,50.5,21.2,-0.2,0.0,-0.2,-0.310,-18.3,-3.9,-22.2,-0.1
Russell Westbrook,PG,32,WAS,19,631,14.4,.469,.229,.285,5.4,24.9,14.9,45.3,1.2,1.0,19.7,31.2,-1.0,0.5,-0.4,-0.034,-0.1,-1.7,-1.8,0.0
Coby White,PG,20,CHI,27,904,10.9,.522,.492,.161,1.1,14.4,7.9,22.8,0.5,0.3,14.2,21.8,0.1,0.5,0.6,.034,-1.6,-2.3,-3.9,-0.4
Derrick White,SG,26,SAS,8,189,15.0,.508,.512,.174,0.5,7.3,3.8,24.0,2.0,3.6,7.0,22.6,0.1,0.2,0.3,.087,0.7,0.8,1.5,0.2
Hassan Whiteside,C,31,SAC,20,296,22.2,.617,.009,.451,11.3,30.6,20.9,4.7,1.0,7.7,12.3,22.3,0.5,0.3,0.8,.125,-0.2,0.3,0.1,0.2
Andrew Wiggins,PF,25,GSW,29,934,14.0,.556,.360,.240,3.4,11.9,7.7,10.1,1.0,3.6,10.3,23.3,0.1,1.1,1.2,.064,-0.7,-0.8,-1.6,0.1
Grant Williams,PF,22,BOS,24,462,8.0,.562,.520,.284,5.6,12.1,8.8,6.7,1.2,2.0,16.7,12.8,0.1,0.4,0.6,.058,-3.5,-0.3,-3.8,-0.2
Kenrich Williams,PF,26,OKC,28,512,13.4,.607,.281,.157,8.2,14.1,11.2,13.6,1.9,0.9,16.2,13.1,0.6,0.6,1.2,.116,-1.5,0.9,-0.7,0.2
Lou Williams,PG,34,LAC,28,626,16.5,.529,.271,.282,2.0,9.9,6.1,26.1,1.8,0.4,11.6,26.1,0.7,0.6,1.3,.098,-0.1,-1.6,-1.7,0.0
Patrick Williams,PF,19,CHI,26,720,9.8,.553,.275,.280,3.6,14.6,9.2,5.2,1.2,2.2,14.1,16.3,0.0,0.7,0.7,.043,-3.2,-0.9,-4.0,-0.4
Robert Williams,C,23,BOS,21,317,24.1,.731,.013,.312,15.8,23.4,19.5,7.6,3.4,7.0,20.1,14.8,0.8,0.7,1.5,.227,1.8,2.3,4.1,0.5
Zion Williamson,PF,20,NOP,27,880,27.0,.659,.038,.496,8.2,14.9,11.5,16.2,1.5,2.2,10.8,27.8,3.4,0.5,3.9,.215,4.6,-0.1,4.5,1.5
D.J. Wilson,PF,24,MIL,10,94,8.0,.488,.622,.054,3.5,20.9,12.4,4.0,0.5,2.9,9.6,18.7,-0.1,0.1,0.0,.017,-3.9,-2.1,-6.0,-0.1
Dylan Windler,SF,24,CLE,15,262,13.4,.621,.646,.262,4.5,19.7,11.8,9.9,1.7,2.8,17.1,14.3,0.2,0.3,0.5,.090,-0.4,0.5,0.0,0.1
Cassius Winston,PG,22,WAS,6,44,9.8,.597,.700,.200,0.0,9.9,4.8,17.9,0.0,2.0,8.4,11.2,0.1,0.0,0.1,.086,-2.2,-1.8,-4.0,0.0
James Wiseman,C,19,GSW,20,419,15.1,.548,.113,.313,7.6,22.5,15.2,5.4,0.9,5.5,12.6,25.7,-0.2,0.7,0.5,.059,-3.5,-0.7,-4.1,-0.2
Christian Wood,C,25,HOU,17,530,24.1,.634,.285,.240,6.1,28.9,17.4,7.7,1.4,4.2,9.5,26.2,1.0,1.0,2.0,.178,3.5,0.5,4.0,0.8
Robert Woodard,SF,21,SAC,6,17,22.9,.547,.273,.182,19.1,32.5,25.8,0.0,0.0,0.0,7.8,32.3,0.0,0.0,0.0,.009,3.9,-5.9,-2.0,0.0
Delon Wright,SG,28,DET,28,823,16.6,.559,.298,.346,4.2,13.9,8.9,25.3,2.4,1.7,11.5,15.6,1.5,0.9,2.3,.136,1.4,1.4,2.8,1.0
Thaddeus Young,PF,32,CHI,23,592,18.5,.597,.104,.169,10.7,14.4,12.6,25.2,2.5,1.7,17.9,18.9,1.1,0.7,1.8,.145,0.8,1.3,2.1,0.6
Trae Young,PG,22,ATL,26,901,22.9,.598,.349,.577,2.2,9.7,6.0,44.5,1.1,0.7,16.2,32.5,2.7,0.5,3.1,.168,5.8,-1.5,4.3,1.4
Cody Zeller,C,28,CHO,15,361,18.2,.569,.133,.242,11.4,24.3,17.7,15.2,1.3,2.5,9.5,17.3,0.8,0.5,1.2,.161,0.4,0.6,1.0,0.3
Ivica Zubac,C,23,LAC,30,586,20.5,.722,.007,.500,13.4,24.4,19.1,7.7,0.9,3.7,14.8,15.3,2.0,0.8,2.8,.230,0.8,-0.3,0.5,0.4
